-- phpMyAdmin SQL Dump
-- version 4.9.7
-- https://www.phpmyadmin.net/
--
-- Host: localhost:3306
-- Generation Time: May 07, 2022 at 01:09 PM
-- Server version: 5.7.38-cll-lve
-- PHP Version: 7.4.29

SET SQL_MODE = "NO_AUTO_VALUE_ON_ZERO";
SET AUTOCOMMIT = 0;
START TRANSACTION;
SET time_zone = "+00:00";


/*!40101 SET @OLD_CHARACTER_SET_CLIENT=@@CHARACTER_SET_CLIENT */;
/*!40101 SET @OLD_CHARACTER_SET_RESULTS=@@CHARACTER_SET_RESULTS */;
/*!40101 SET @OLD_COLLATION_CONNECTION=@@COLLATION_CONNECTION */;
/*!40101 SET NAMES utf8mb4 */;

--
-- Database: `cocmwxy4_ibms_database`
--

-- --------------------------------------------------------

--
-- Table structure for table `account`
--

CREATE TABLE `account` (
  `Account_No` varchar(30) NOT NULL,
  `CustomerID` varchar(30) NOT NULL,
  `Meter_Number` varchar(30) NOT NULL,
  `Meter_Box` varchar(15) NOT NULL,
  `Meter_Type` varchar(15) NOT NULL,
  `Account_Type` varchar(15) NOT NULL,
  `Status` text NOT NULL,
  `Account_Location` text NOT NULL,
  `Date_Issued` date NOT NULL,
  `Acc_Bill` int(15) NOT NULL
) ENGINE=InnoDB DEFAULT CHARSET=latin1;

--
-- Dumping data for table `account`
--

INSERT INTO `account` (`Account_No`, `CustomerID`, `Meter_Number`, `Meter_Box`, `Meter_Type`, `Account_Type`, `Status`, `Account_Location`, `Date_Issued`, `Acc_Bill`) VALUES
('ACC001', 'CUST001', 'W/15M01', 'B2333', 'PostPaid', 'Domestic', 'Active', 'Nancholi - CCAP Ground', '2021-12-16', 0),
('ACC002', 'CUST002', 'MTNo002', 'B2333', 'Post Paid', 'Domestic', 'Active', 'Manase', '2015-10-29', 0),
('ACC003', 'CUST004', 'MTNO003', 'B2333', 'Post Paid', 'Domestic', 'Active', 'Naperi', '2018-11-01', 0),
('ACC004', 'CUST005', 'MN004', 'MB004', 'Post Paid', 'Domestic', 'Active', 'Chilobwe', '2022-01-04', 0),
('ACC005', 'CUST006', 'MTN005', 'MB005', 'Post-Paid', 'Domestic', 'Active', 'Nancholi', '2022-04-01', 0),
('ACC006', 'CUST007', 'MTN006', 'MB006', 'Post-Paid', 'Domestic', 'Active', 'Mpemba', '2022-03-25', 21812),
('ACC007', 'CUST008', 'MTN007', 'MB007', 'Post-Paid', 'Domestic', 'Active', 'Bangwe', '2022-05-07', 6798);

-- --------------------------------------------------------

--
-- Table structure for table `bill_settings`
--

CREATE TABLE `bill_settings` (
  `ID` varchar(15) NOT NULL,
  `Reading_Charge` smallint(15) NOT NULL,
  `Rental_Charge` smallint(15) NOT NULL,
  `Charge_Per_Kilo` smallint(15) NOT NULL,
  `VAT` int(5) NOT NULL
) ENGINE=InnoDB DEFAULT CHARSET=latin1;

--
-- Dumping data for table `bill_settings`
--

INSERT INTO `bill_settings` (`ID`, `Reading_Charge`, `Rental_Charge`, `Charge_Per_Kilo`, `VAT`) VALUES
('B001', 800, 1000, 812, 16);

-- --------------------------------------------------------

--
-- Table structure for table `cart`
--

CREATE TABLE `cart` (
  `No` int(11) NOT NULL,
  `Job_ID` varchar(15) NOT NULL,
  `Bill_Code` varchar(15) NOT NULL,
  `Account_No` varchar(15) NOT NULL,
  `Amount` int(11) NOT NULL
) ENGINE=InnoDB DEFAULT CHARSET=latin1;

-- --------------------------------------------------------

--
-- Table structure for table `check_if_email_sent`
--

CREATE TABLE `check_if_email_sent` (
  `Bill_Code` varchar(15) NOT NULL,
  `Status` varchar(15) NOT NULL
) ENGINE=InnoDB DEFAULT CHARSET=latin1;

--
-- Dumping data for table `check_if_email_sent`
--

INSERT INTO `check_if_email_sent` (`Bill_Code`, `Status`) VALUES
('BC0025ACC006', 'Already Sent');

-- --------------------------------------------------------

--
-- Table structure for table `customer`
--

CREATE TABLE `customer` (
  `CustomerID` varchar(30) NOT NULL,
  `Firstname` varchar(30) NOT NULL,
  `Surname` varchar(30) NOT NULL,
  `Contact_No` varchar(30) NOT NULL,
  `Email_Address` varchar(30) NOT NULL,
  `Area` varchar(30) NOT NULL,
  `Contact_Address` varchar(30) NOT NULL
) ENGINE=InnoDB DEFAULT CHARSET=latin1;

--
-- Dumping data for table `customer`
--

INSERT INTO `customer` (`CustomerID`, `Firstname`, `Surname`, `Contact_No`, `Email_Address`, `Area`, `Contact_Address`) VALUES
('CUST001', 'Elvis', 'Namuru', '0991968510', 'elvisnamuru@gmail.com', 'Nancholi', 'ESCOM Private Bag 677.'),
('CUST002', 'Martin', 'Doe', '0888373821', 'martinJoe@gmail.com', 'Chilomoni', 'P.O. Box 90, Queens'),
('CUST004', 'Johnson', 'Mateyu', '0999488382', 'johnsonMY@gmail.com', 'Naperi', 'Naperi SDA, Private Bag 475, B'),
('CUST005', 'Kim', 'Sharp', '0994849282', 'Kimsharp@gmail.com', 'Chilobwe', 'NASA Private bag 567 Blantyre'),
('CUST006', 'Josh', 'Davison', '8886676', 'josh@gmail.com', 'Nancholi', 'NICO'),
('CUST007', 'Nike', 'Thomson ', '0773837728', 'K.kanongwa@gmail.com', 'Mpemba', 'NRB P.O. Box 53 Blantyre '),
('CUST008', 'Elijah', 'Micheal', '+265881829429', 'k.kanongwa@gmai..com', 'Bangwe', 'MANAD, Private Bag 101');

-- --------------------------------------------------------

--
-- Table structure for table `email_credentials`
--

CREATE TABLE `email_credentials` (
  `Email_ID` varchar(15) NOT NULL,
  `Username` varchar(30) NOT NULL,
  `Password` varchar(15) NOT NULL,
  `Port` varchar(5) NOT NULL,
  `Stmp` varchar(15) NOT NULL,
  `Socket` varchar(15) NOT NULL,
  `Admin_Email_Address` varchar(30) NOT NULL,
  `From_SMS_No` varchar(15) NOT NULL
) ENGINE=InnoDB DEFAULT CHARSET=latin1;

--
-- Dumping data for table `email_credentials`
--

INSERT INTO `email_credentials` (`Email_ID`, `Username`, `Password`, `Port`, `Stmp`, `Socket`, `Admin_Email_Address`, `From_SMS_No`) VALUES
('EM001', 'elvisnamuru@gmail.com', '1738E&N100%', '587', 'smtp.gmail.com', 'Checked', 'elvisnamuru@gmail.com', '+15406031363');

-- --------------------------------------------------------

--
-- Table structure for table `employee`
--

CREATE TABLE `employee` (
  `Employee_ID` varchar(15) NOT NULL,
  `Full_Name` varchar(45) NOT NULL,
  `Contact_Address` varchar(150) NOT NULL,
  `Email_Address` varchar(15) NOT NULL,
  `Emp_Location` varchar(15) NOT NULL,
  `Contact_Number` varchar(15) NOT NULL
) ENGINE=InnoDB DEFAULT CHARSET=latin1;

--
-- Dumping data for table `employee`
--

INSERT INTO `employee` (`Employee_ID`, `Full_Name`, `Contact_Address`, `Email_Address`, `Emp_Location`, `Contact_Number`) VALUES
('EMP001', 'Kondwani Dothi', 'Mount Pleasant, Private 48', 'kondwanidothi@m', 'Bangwe', '088847922'),
('EMP002', 'Martin Joshua', 'Leopard LTD, P.O. Box 1090', 'Marjoshua@gmail', 'Lunzu', '09993818'),
('EMP003', 'Jordan Mike', 'FDH Private Bag 23, Blantyre', 'JORDANMIKE@gmai', 'Bangwe', '0883774822');

-- --------------------------------------------------------

--
-- Table structure for table `image`
--

CREATE TABLE `image` (
  `Image_ID` varchar(15) NOT NULL,
  `Image_Name` varchar(15) NOT NULL,
  `Image_File` blob NOT NULL
) ENGINE=InnoDB DEFAULT CHARSET=latin1;

--
-- Dumping data for table `image`
--

INSERT INTO `image` (`Image_ID`, `Image_Name`, `Image_File`) VALUES
('Img1', 'Image one', 0x53797374656d2e427974655b5d);

-- --------------------------------------------------------

--
-- Table structure for table `invoice`
--

CREATE TABLE `invoice` (
  `Bill_Code` varchar(30) NOT NULL,
  `Account_No` varchar(30) NOT NULL,
  `Bal_Brought_Forward` int(15) NOT NULL,
  `Meter_Reading_Chrg` int(15) NOT NULL,
  `Meter_Rental_Chrg` int(15) NOT NULL,
  `Water_Chrg_Consum` int(15) NOT NULL,
  `Rdgs` int(30) NOT NULL,
  `Water_Consumption` int(11) NOT NULL,
  `Month_Subtotal_liable` int(15) NOT NULL,
  `VAT` int(15) NOT NULL,
  `Issued_Date` date NOT NULL,
  `Due_Date` date NOT NULL,
  `Due_Days` int(15) NOT NULL,
  `Current_Bill` int(11) NOT NULL,
  `Bill_Status` varchar(15) NOT NULL,
  `Due_Total` int(15) NOT NULL
) ENGINE=InnoDB DEFAULT CHARSET=latin1;

--
-- Dumping data for table `invoice`
--

INSERT INTO `invoice` (`Bill_Code`, `Account_No`, `Bal_Brought_Forward`, `Meter_Reading_Chrg`, `Meter_Rental_Chrg`, `Water_Chrg_Consum`, `Rdgs`, `Water_Consumption`, `Month_Subtotal_liable`, `VAT`, `Issued_Date`, `Due_Date`, `Due_Days`, `Current_Bill`, `Bill_Status`, `Due_Total`) VALUES
('BC00000013\n', 'ACC003', 0, 0, 0, 0, 13, 0, 0, 0, '2022-04-13', '2022-04-30', -5, 0, 'Overdue', 0),
('BC00000020\nACC006', 'ACC006', 0, 800, 1000, 16240, 20, 20, 18040, 2886, '2022-04-20', '2022-04-30', 10, 20926, 'Incurrent', 20926),
('BC0005\nACC007', 'ACC007', 0, 800, 1000, 4060, 5, 5, 5860, 938, '2022-05-07', '2022-05-31', 24, 6798, 'Current', 6798),
('BC001', 'ACC001', 3034, 500, 1000, 5600, 2350, 0, 8280, 1366, '2021-12-16', '2022-01-06', -81, 0, 'Overdue', 20450),
('BC0016\nACC003', 'ACC003', 0, 800, 1000, 2436, 16, 0, 4236, 678, '2022-04-13', '2022-04-30', -5, 0, 'Overdue', 4914),
('BC0018\nACC005', 'ACC005', 0, 800, 1000, 1624, 18, 0, 3424, 548, '2022-04-13', '2022-04-30', -5, 0, 'Overdue', 3972),
('BC002', 'ACC001', 4500, 500, 1000, 7000, 2345, 0, 7650, 1366, '2021-11-01', '2021-11-30', 0, 0, 'New Incurrent', 15200),
('BC0020\nACC003', 'ACC003', 0, 800, 1000, 3248, 20, 0, 5048, 808, '2022-04-13', '2022-04-30', -5, 0, 'Overdue', 5856),
('BC0022\nACC006', 'ACC006', 20926, 800, 1000, 1624, 22, 2, 3424, 548, '2022-04-25', '2022-04-30', -7, 16898, 'Incurrent', 24898),
('BC0025ACC006', 'ACC006', 16898, 800, 1000, 2436, 25, 3, 4236, 678, '2022-05-07', '2022-05-10', 2, 21812, 'Current', 21812),
('BC003', 'ACC002', 4500, 500, 1000, 4300, 1760, 0, 6790, 2345, '2021-12-01', '2021-12-31', 0, 0, 'Overdue', 8900),
('BC004', 'ACC002', 0, 500, 1000, 6000, 1756, 0, 3200, 1100, '2021-11-01', '2021-12-31', 0, 0, 'Incurrent', 7800),
('BC005', 'ACC003', 0, 500, 1000, 6750, 4500, 0, 8280, 1500, '2021-12-01', '2021-12-31', 0, 0, 'Overdue', 17600),
('BC006', 'ACC003', 1300, 500, 1000, 7400, 4493, 0, 6790, 2100, '2021-11-01', '2021-12-31', 0, 0, 'Incurrent', 16320),
('BC007', 'ACC004', 0, 800, 1000, 5670, 7, 0, 7470, 1195, '2022-01-04', '2022-01-31', -71, 0, 'Overdue', 8665),
('BC1787', 'ACC002', 0, 800, 1000, 21924, 1787, 0, 23724, 3796, '2022-01-04', '2022-01-31', -14, 0, 'Overdue', 27520);

-- --------------------------------------------------------

--
-- Table structure for table `job`
--

CREATE TABLE `job` (
  `Job_ID` varchar(15) NOT NULL,
  `Job_Type` varchar(30) NOT NULL,
  `Start_Date` date NOT NULL,
  `End_Date` date NOT NULL,
  `Duration` int(11) NOT NULL,
  `Location` varchar(15) NOT NULL,
  `Status` varchar(15) NOT NULL
) ENGINE=InnoDB DEFAULT CHARSET=latin1;

--
-- Dumping data for table `job`
--

INSERT INTO `job` (`Job_ID`, `Job_Type`, `Start_Date`, `End_Date`, `Duration`, `Location`, `Status`) VALUES
('JB001', 'Meter Disconnections', '2022-03-07', '2022-03-11', 4, 'Manase', 'Uncomplete'),
('JB002', 'Meter Disconnections', '2022-03-05', '2022-03-11', 6, 'Nancholi', 'Uncomplete'),
('JOB003', 'tesr', '2022-05-06', '2022-05-15', 9, 'Manase', 'Uncomplete');

-- --------------------------------------------------------

--
-- Table structure for table `payment`
--

CREATE TABLE `payment` (
  `Payment_ID` varchar(45) NOT NULL,
  `Transaction_Number` varchar(45) NOT NULL,
  `Account_No` varchar(30) NOT NULL,
  `Date` date NOT NULL,
  `Amount` int(11) NOT NULL,
  `Payment_Method` varchar(45) NOT NULL,
  `Payers_Name` varchar(30) NOT NULL,
  `Proof` blob
) ENGINE=InnoDB DEFAULT CHARSET=latin1;

--
-- Dumping data for table `payment`
--

INSERT INTO `payment` (`Payment_ID`, `Transaction_Number`, `Account_No`, `Date`, `Amount`, `Payment_Method`, `Payers_Name`, `Proof`) VALUES
('PID/1', 'Trans002', 'ACC006', '2022-05-04', 5000, 'Mobile', 'Elvis', 0xffd8ffe000104a46494600010100000100010000ffdb00430006040506050406060506070706080a100a0a09090a140e0f0c1017141818171416161a1d251f1a1b231c1616202c20232627292a29191f2d302d283025282928ffdb0043010707070a080a130a0a13281a161a2828282828282828282828282828282828282828282828282828282828282828282828282828282828282828282828282828ffc0001108020c02d003012200021101031101ffc4001c0001000301010101010000000000000000000406070503020108ffc4006110000104010204030306070a070d0604070100020304050611071221311341511422611532527181a10816256491a2d217233742567294b1b2c1247374758292d13335363853556295a4b3e1f0f126344393a3c2447683c31854576384b4e3ffc4001b01010001050100000000000000000000000005010203040607ffc4003211010001030203050704020300000000000001020311041221314105131481910622516171a1f0153242b116d1c1e1f1ffda000c03010002110311003f00fea94444044441f13451cd1964ac6bd87b870dd71ade9bad212e81ef84fa7ce0bb88b5753a2b1aa8c5ea227fbf5e6cb6ef576bf64e1537e99b20fb93c247c7708cd33649f7e7840f86e55b1146ff008ee8739db3eb2d8f1f7be2e1d4d375a321d3bdf31f4f9a3fdabb30c51c318644c6b183c9a365f68a4b4da2b1a58c59a223fbf5e6d7b97abbbfbe722222da6211110111107e39a1cd2d70041ee0a886835a49af2c909f469dc7e85311043f0eeb7b588dff00ce66dfd49f943f35fd65311043fca1f9afeb27e50fcd7f594c4410ff00287e6bfac9f943f35fd65311043fca1f9afeb27e50fcd7f594c4410ff287e6bfac9f943f35fd65311043fca1f9afeb27e50fcd7f594c4410ff00287e6bfac9f943f35fd65311043fca1f9afeb27e50fcd7f594c4410ff287e6bfac9f943f35fd65311043fca1f9afeb27e50fcd7f594c4410ff00287e6bfac9f943f35fd65311043fca1f9afeb27e50fcd7f594c4410ff287e6bfac9f943f35fd65311043fca1f9afeb27e50fcd7f594c4410ff00287e6bfac9f943f35fd65311043fca1f9afeb27e50fcd7f594c4410ff287e6bfac9f943f35fd65311043fca1f9afeb27e50fcd7f594c4410ff00287e6bfac9f943f35fd65311043fca1f9afeb27e50fcd7f594c4410ff287e6bfac9f943f35fd65311043fca1f9afeb27e50fcd7f594c4410ff00287e6bfac9f943f35fd65311043fca1f9afeb27e50fcd7f594c4410ff287e6bfac9f943f35fd65311043fca1f9afeb27e50fcd7f594c4410ff00287e6bfac9f943f35fd65311043fca1f9afeb278775ddec46cfe6b37feb5311043141ae20d892498fa38ec3f4296d686b435a0003b00bf51011110111101111011110111101111011110111101111011110111101111011110111101111011110111101111011110111101111011110111101111011110111101111011110111101111011110111101111011110111101111011110111101111011110111101111011110111101111011110111101111011110111101111011110111101111011110111101111011110111101117e3dc183771e883f57cb9ed6fce700a2c93b9dd0740bc904c36183d4fd8bf3da59e8e511104bf6967a393da59e8e511104bf6967a393da59e8e511104bf6967a393da59e8e511104bf6967a393da59e8e511104bf6967a393da59e8e511104bf6967a393da59e8e511104bf6967a393da59e8e511104bf6967a393da59e8e511104bf6967a393da59e8e511104bf6967a393da59e8e511104bf6967a393da59e8e511104bf6967a393da59e8e511104bf6967a393da59e8e511104bf6967a393da59e8e511104bf6967a393da59e8e511104bf6967a393da59e8e511104bf6967a393da59e8e511104bf6967a393da59e8e511104bf6967a393da59e8e511104bf6967a393da59e8e511104bf6967a393da59e8e511104bf6967a393da59e8e511104bf6967a393da59e8e511104bf6967a393da59e8e511104bf6967a393da59e8e511104bf6967a393da59e8e511104bf6967a397e8b0c3ea3ec50d104f6bdaef9ae057d2e72f58e7737a1ea104c45f8c7078dda7a2fd4044440444404444044440444404444044440444404444044440444404444044440710d049ec141964323b73dbc82f6b6fecc1f5951901111011110111101111011110111101111011110111101111011110111101111011110111101111011110111101111011110111101111011110111101111011110111101111011110111107dc5218ddbf9798539a438023b15ce526a3fbb0fd61048444404444044440444404444044440444404444044440444404444044440444410653cd238fc57c21ea5101111066599c2f138debd3e3f5762e1a2647be085d45ae7323dc96b49e5ea40d86eaa7c3eb9c50d6ba6a2ccd3d578ead14923e311cb4585c0b4ede4c5ba5bffdd66fe63bfa965ff8337f05553fca66fed20d1f0715f830f522cc598ed64191813cd1b795b23fcc81b0d82991c8c906f1bdaf1bedbb4eeb09d4787b7a9b8fb92c23723669e365c5c725d103f95f244d2df71a7cb7716ee7d37575b7c3e9309a1af607405d38875cb0259679a4739cc696b5afe477704868fbfb20bf89a23298848c320fe2730dff0042f458acfc28e1fc94df5f1995f0f3ed692cbadc9734de2fd22de6dbbf7d805dae1a6a1bda9382725ec9ca65bacab6607ca7bbf9038071f8edb6e7d7aa0d3a49191379a57b58df571d82fd0410082083d410b01e10f0f68eb5d018dc96b0b1732317ef91d3ade3be38e0636470276691bb8bb98927cb61e4bbdc29af3694e25ea6d1505b9ec61a0af1dda6c9dfcc61e6e5dda0fa7bff00aa0f72506bd2cb1c4de695ed637b6ee3b2fb0410083b83e6bf9cb195f4cea7d73a9a2e2adf7b32905d7454aa5bb4eaf0b20dfddf0c82075fafaf43d77dd6a3c38d1efd297b23f25664dbd316435d52a3de6535dde7cafdf6e53d7a7d482f8b3dd1fa932992e296b3c35cb0d7e3b1a2035a311b416733773d40dcfdab42592f0f7f871e237f36aff61041b195d79a83897aa309a733f4f1f4f16622d6cf5192747b01d81e527befdd4ac858e2be95aeec8d9970fa968c239e782188c33f28ee5bb003fafea5e9c3dfe1c788dfcdabfd85ad20e2e8ed49475669da998c5b9decf61bd58ef9d1b874735df105769649c0668a993d7f8d83614ea672510b4766825c361f635ab53c8d6f6dc7d9abe2c90f8f13a2f1233b399cc08dc1f22374121154b865a34686d38ec537233e403a77cfe24ade5e5e6dbdd6b773b0e9bf7ee49f356d4044440444404444044440444404444044440444404444044440444404444044440444404444044440444404444044440444405f711e591a7e2be1074283a2888808888088880888808888088880888808888088880888808888088880888839c8888088883cadff00eeb37f31dfd4b2ff00c19bf82aa9fe5337f696a84070208041e841517198da38aa82ae2e956a55812e10d789b1b013dcf2b4008330c57fc66b33fe616ffde44bd3f08db56ab68ba2d649622c5cd908a2c94906fcc2b9df71d3c89dbedd879ad2d98ca0cc9bf24ca555b917c7e13ad089a25733a1e52fdb723a0e9bf905ed66bc36abc905a8a39a091a5af8e468735c3d083d08418c66a8f07eae9ade9d3c36425923e4ab5a9cbe25a9de7a35a395dcfb93b0dcf6f35f7c0dfe016e7f36e7f515a4e1f45e9ac2ddf6bc560b1d56d750258a06870dfbec7cbec5d3a389c763e83a8d0a152ad276fbd78616b233bf7f740dbaf9a0a2fe0eff00c0f607ebb1ff00fb122e7607fe323a97fccf17f5c4b4fc750a78ca71d4c6d5af52a47bf2435e311b1bb924ecd0001b924fdabe63c6d18f252e463a5599909582392cb626895ed1b6cd2fdb723a0e9bf920cc86aad15ab72994c56b8c66331d93c74ee81b1e51cc0e7b0767b24701d0f5e80f6d8f9ae1f0c23c6d0e31e568e83b4f9f4afb0896d36394c904760bba0638efb9dbe27bbbd3a6b59ed2b81d412324cd61e8dd918366c9342d7380f4e6efb7c14cc3e231d85a82ae228d6a55c1dfc3af186027d4eddcfc504e592f0f7f871e237f36aff616b4a257c650ad7acddad4aac372cede3cf1c4d6c92eddb99c06eedbe28318c06a6c369be36ebf933b91828b27f666c6653b7310c1bedfa42b36a3e33697a351ccc25a766f2b20e5af4e9c6e717bfc813b6c07dfe815c6fe91d3791b725ac869fc3dab521ddf34f4a37bde76dbab8b773d005271780c3e25dcd8ac4e3e93bb6f5ab3233faa020a9f0674c5ed39a5e69b37d33395b2fbf71bf41cfecdfb0753f1255def5a868d2b16ecbb92082374b23b6df66b46e4fe80bdd7e3dad7b4b5e039ae1b1046e08415fd0fabf15ad70efc9611f2babb26740f12b391cd7000edb7d4e07ed561513178ca389a82ae2e9d6a75812e11578c46ddcf73b01b29680888808888088880888808888088880888808888088880888808888088880888808888088880888808888088880888808888088883a2888808888088880888808888088880888808888088880888808888088880888839c88880888808b3ee23eb6bf8aca50d35a4e9c77b5364017b1b21fdeebc7d7791ff00a0fe83f0078e7497145b1fb5375f5575df9decc6833c1dfe8f36dbedf1e5dd06b28b3fe186b5bd9eb594c16a5a6ca5a931240b0c8fe64ad3d9edfbbf4823bec226b8d6d9893543748683ad058ce78625b56ac7586930edb177abb620fda3a1dd06968b267e93e28d58fdaab6bcab6ed81cdecd351636279fa3cc01d87d8177f867ae26d4aebf89ce5218ed4b8b7065caa0fbae07b3d9ff0044fd67b8ea41082f48b28d499fd4fa9f5f5dd27a32ec389af8c89b25fc93e212b839c010c634f4f3fb8f51b75895737abf426b5c1e2356e561cee1b3527b3c16fc011490cdb800103c892dee4f7ee36d906c48b32e216a6cfcfac71da2f4649055c95880dab57a66078ad0ee40d9a7a13d3e3dc7aee2bf9cc9eb7e18d9c764b3f9f875169eb161b5ed73d66c3241cdbfbcddbea3e7b74db61bee836d4555e24eb0834569897272446c597bc4156b83d6695dd87d5d093f00a975b4e71572551b92b5ac6ae32f48df11b8e8e931d147e8c73ba9fafa3beb2835e4541e176b3b9a81f93c36a2acca9a9710f11da8e3f99234f691bf03fde0f9abc5cb30d3a9359b52362af0b0c9248e3b06b40dc93f620f6458af0bb88f9ad61c51c9549c18300ea525aa35dd0b5ae2c12318d7976dcc77f78f7dbafc15a78abab32b87b185c0e978e17e7f35298e19261bb206376e6791e7b6ff0071e87b20d051625a99bc47d018b3a8a7d4f5f50d2aee69b94a5a8d8bdc24025ae1d7a6ff000f5d8f657dcf1d41a930188bfa23315b162cc6db0e7d8804bcf1bda0b46c41d8f5417045866b9b5c47d1d81932791d6b8d93de11c30478e673cf21ecc68e5eff00dc0ad4787aecf3f47e3a4d5a5a734f6b9f386b5ade5ddc4b410d00021bca0fc7741624597eb5d599fc96b21a33419821c847109b219199bceca8c3b6c00ea0bba8ee0f71f123939b1c46e1fd339cb19e875462a0d9d76ac955b0bd91f9b9846fdbebe9e8506cc8ab590d6142be81975657e69e88a7ed71b4742fdc7469f43bec0fa2cf70f8fe286a6c2c1a8a3d574f1925b8c59ad8d6d36ba30c70dda1ce2091b8dbd7ba0d9d152f851aba7d5fa65f6323032be529587d3b91b3e68959b6e47c0823eddd53286475f6aed4faa59a735152c7e3717907538d9353648496f43b1e5dfcbcfd506ce8a93a3b15ae29659d2ea9d47472540c45a2182a362707ee3676e00e9b6fd3e2aec4ec373d90116218ce27e573dc6ac76271720669595f3576bbc269f6a74713dce78711bedcdb763d80f52b6f404546e356a0c8e98e1edeca61a7105d8a489ac79635e0073c03d1c08ec54dd55aceae95d3546fde86c5cb76c322af5abc65cfb1339bbf28dbb79ffe3d905b11657c21d5fa93526a8d554f53c1153750f03c2a4c68fde39f9c905c3ab8ec1bbee7bfa76504e6357f10753e6aa694cbc380c0e267351d6fd9c4d2d8947ced81ec07d9d08efbf40d891651a43516a7c0f10e2d19ad2e4194176bbac50c847108dcfe50496b80e9d9aef8f41d4efd3572761b9ec808b10c6713f2b9ee3563b138b90334acaf9abb5de134fb53a389ee73c388df6e6dbb1ec07a95abeaed41534b69cbd99c813ecf563e6e51ddee2766b47c49207da83b08b1bc3d0e26eb1a11e6e4d4b5f4dc165be2d5a11536ca5b19ead2f2eebb91b7afd43b2edf0f757e64ea6bba3b5b32019ead1f8f05a806d1dc8be901e47eadbcfa0d8a0d251665ab725ac73dace6d37a4a4185a35216cb6f2d3d7e7e773b62191070d8f7ebb7c7a8dbaf3a866b56e88d6f85c26adca439dc4e69e61af704021962946db3481d36248efbf7efd3641af2222022cd7566a8cbe90e22629d94b2d974865bfc18131b47b258f2ddc06e5a76f33e6efa2bbbc51d5acd1ba46ce4180497e4220a50edb992677cd1b79edd49f80416d45c2d151e661d3148ea8b42c65decf12c3831ac0c27af200d007ba3a6febbaed452c730262918f03a12d70283ed111011110111101111011110111107451110111101111011110111101111011110111101111011110111101111011110739111011110647a100b9c79d7d6ac7bd3d686bd7877fe2b0b46e07dad07ed5ae2c635b4963875c521acfd9a69f4f65a06d5c9185bcc6078d835e47a6cd6feb0ee46f773c4cd1428fb5fe33633c2e5e6e5130f136fe67cedfe1b20b1c58ac7c5969b291d2aedc8cd188a4b2231e239836d9a5ddf6e83a7c1661c0768b596d7b949fdebb3e6a485ee3dc318496b7ea1cc7f42eaf0c75066757e7b379e799ebe96706c18caf2b034ca47ce97b6fd76f5dbaede4ab762ebf84fc47cb5cc8c329d21a8a5139b31b0b854b1d79b980f22493f56db762836b591e7da287e121a625aa367e4719343640fe3358d7b813f6b5a3ec0ad76f89ba2ead175b7ea5c63e30de6e48a60f90fc0306eedfec552e1b437b5a6bebbafefd596a63195fd8b1114a367ba3df73211f1dcff00ac7d3721ae0631af73835a1ceee40ea5647aba56eb3e3169cc2e3f696ae9c90e4721337ab5926e0b23dfe96ed1d3e27d0a8dc54e297b2e764d2381bb5f1b7ba36e656d9e58eab4807dc1ddcfd88ebffa8e9f0e737c3dd2f8f871387d4552cddb528334ef7132da99c76dc9dbcc9e83cbf4941a972339f9f95bcfb6dcdb75d9647c6a99baa73180d078ff00df6d5ab4cb77b97af815d9bee5de84efb8fa87a852f8bdc506e94b50e0b15e08ce5b60709ed1e582ab1c480f71f33d0f41e9f61e670eb37a0b49c166cdad5b4b239ebc79ef642571e691df45bd3a347a7fe00049e2f016b897c33a137feeaebb2cee67939ecf0cb7f47f7ad7565fc71c4ddb786c36a5c1446cdfc05a6de646d1d648ba1781feab49f802bb18be2ae8cbf868f20ecf51ac1cce67c13ca1b330f9b793b923e00efe482b528153f09c87c0e9ed983de7dbcc871db7ff0051abdf89f6e7d5da968f0fb112b991ca1b6b333c67fdc6b82088f7f5774fd2df22545e1709f58710f39af6482487166118fc6091bb192304733f6fac7eb11e4bea3e1266eae732d94c5ebbb94a7c94c6698b29024f525ad24bfa81bec107e60aa4143f08cb5529c4d86b41a7191c71b46c1ad1246001f62d75cc639cd739ad2e6f624750bf9c68e92d43fbb7dac67e39ddf9423c509df91f671cef8f9d83c22de6edd41df7f25a8f16f88f5b4163ebb1b07b4e56ef30ab138f2c636d8173dde406e3a773f0ee839dc7acb1769a8f4ae3409f399e9195a08075219cc0b9e7d1bd36dfe24f915a0e071ccc460f1d8d88ef1d3af1d769f50c686ff72c6f87b99d1f8ac84fa8b54eafc764b555c6ed24dcc7c3accff93886dd0796ff00f93b5e3aed6c95182e5199b3d59d8248a46f67b4f621065a1a35b71c6664ff00be62349c2d2d8cf56badc9d798fd5b1fa8b16b4b22fc1d24f6ec7eadcb3b732ddcdcc4b8f72006b87f6cabae175ce1731abb27a6e94b31c9e3da5d30746430ec435dca7cf62e00fd7d37414ae080f69d57c46c84def5a7e61d0127b8631cfe51f7fdcb54ca578ede36dd79c0743342f8de0f62d2d20ac759908f861c5bccbf31cd069bd4c5b622b9b1e486c0dcb9aef4dcb9c49f8b7e3b77388bc50c1d5d3962ae9cc956cb66ef30d6a75e8c826773bc6c1c7977db6df7dbb9282bdc21651c97e0f56ea6a1b1ecf8b02cc524c4ede1b398bb987c413b8f8ae6e92d67c41a3a1e3af85d28fcbd0ab11868e4de0c46585a3663fc12799dd00ec7aaeaea5d0f90c4fe0e2fc0d563a5c8411b2d598e3ea5c7c41248d1b77dbafd7caadba6f8a1a327d314ec9ce50a6190343eb4b20649190dd8b793b9db6dba03bf920f2e0457c643a184d8dbcebd66d59927bf2bd9c8f164edced737f8bb6c07c7bf9aa8e8ed2dc49a12e7aad1b18ec143672535d75c958db324e5fb6c1adea03401e7d772bafc0812dfb3ad3505689f062f2f9232d16c8dd83802eddfb7c7986ff107d14bd0bc50af2fca18cd7b6a861750d19dd1cb1c8ef0627b3f8ae6179ebfa7d0f9a0fbd19abb5052d6cfd1bae99564c84909b146fd56f2b2cb06fb82dfa5d1c7a01d8fc09f5e30672e3e3a3a3b4f3f6cee74988bdbff00e1abff00f1243e9d3703eddba85c2832306bce38e22fe9f77b46234ed697c7bac1ee49248d73431a7cfb83f63beb5d2cef0b72b7b5bdfd4b8dd656b1b6ad3444047503cc71803dc0e2fedeeefd820e35fc1d3d37c5fe18e231ace4ad56a5a637d5c7c37eee3f127727eb5b6afe6ed4da435156e2c691c758d6b76cdfb5158305f75601f58358e2406f375dc023b8eeb6ad47a929684d275eeea2b53d86c223aee9991eef9e4db6e6db7e84ec4f74157fc247f824ca7f8d83fef5aaff008c821971d8d964898f92285a63739a09612d00907cba2cdb8fb7ebe5382366fd27f3d5b5ecb3c4edb6e6639ec20edf515a7623fde9a5fe219fd908331e187f0c1c4cff001b57fb2f5abb18c6737235ade63b9d86db959470c3f860e267f8dabfd97aaeebee26c3a8b3d6b4a62f310e03170bdd16432b6096c8fd8ece8e16f7f51bf4fb0770eee2256eb5e3a3f2f436930fa6aabaa36c0f9b2d87f307069f30038fe81ea17578c19cb8f8e8e8ed3cfdb3b9d2622f6fff0086afff00c490fa74dc0fb76ea14ae1fea0d078ea9434de95cb527bba88e263897caedb77389dbab8ec492b959de16e56f6b7bfa971bacad636d5a688808ea0798e3007b81c5fdbdddfb041c6bf83a7a6f8bfc31c46359c95aad4b4c6fab8f86fddc7e24ee4fd6ba5f849132e96c1517122bdcccc10cdf1672bcedfa763f62a4ea6d21a8ab716348e3ac6b5bb66fda8ac182fbab00fac1ac7120379baee011dc775a6f16348ded41c3038eaf33ede628362b10ca46ce9a58c6c4f7e8e702edbaf7283436b431a1ad00340d801e41647c4c02af1a386f6e0e93cceb103c8ee59b01b7d5efb976747715f4d65f0304f95cad3c5e4a36f25bab6e5113d920e8ed83b6dc6fdb6feb55cc0dafdd238c3067e831eed35a7617c35ec39a5a2c4ee0412ddfcb63bff00a23d506b19eb3729e1add8c5d2f6ebd1c65d0d6e70cf15de4de63d96254f3190d43c5cc10e22d2934f9a5bbf134b979a3b133ba1265df6246cdd80f3d874f3b9dbe233b03c48bb81d5cdad8ec54b0b65c6de20b5927d20f713b03b9dbb0db97af70ab1c54cf6335be7b4969ed296a2c96423c9c77259eab83d95e2603cc4bc74f3dfa7d1f8841b822abea2d7385d3fa971182c94b336fe4dc1b006c65cd1bbb95bcc7cb7774f3f8ecad08385adf4d54d5ba62f61af0d99619ee49b6e6378ead78fa8ff007858df0ae96675aeae824d5cf8e583466f4991877309ad0711e23bd480d1d7cc869f55fd02b25e067fc20e237f9fa6fedbd044ce56b1c4ce26e574e5ab962b697c0c71fb4c15dfc8eb533c6e038fd1ee3fd1f8ee236b7e1d55d05869b5570fa5b38cbf8d0269a033ba48acc40fbcd78713e5b9fd3e7b11222c957e1df1933f2e79decd86d48c8a6af75c3f7b6cac041638f97573beef55338b9af30d77495ac0e9bbd5b339acbb7d920af4656cdf3fa12e2ddc0e9bf7feadca087c6dcc8cb70870996a85f136edaa93800ec407b49dbefd96ccb16e2fe9fb38ae056368c2c33bf0fecae9b90770c1cae77d5b9dfea5719b8a7a4460464abe66a5891f1f3454e2903ac3de474608fe77313b0ec8385f83748f9787f61d2bdcf77ca338ddc773b7bab55592fe0c9cff00b9c4de2b7964f9467e66edb6c7dddc2d6901111011110111101111074511101111011110111101111011110111101111011110111101111011110111107391110111107c4b1b2689d1ccc6c91bc6ce6b86e08f421565bc3cd1edb5ed0dd338912efcdbfb2b76dfeadb6fb95a5107cc6c6c6c6b23686b1a366b5a36007a05f166bc36a07c16a18e681e367c723439ae1e841e857aa20ab57e1ee8faf6858874d625b334f303eccd201f5036d82b4001a0068000e8005fa883877f48e9bc85b92d6434fe1ed5a90eef9a7a51bdef3b6dd5c5bb9e8179c1a2b4ad79a39a0d33848a68dc1ec7b2844d735c0ee0821bd08560441c8cae98c0e5ed0b396c262ef580d0cf16cd48e57f28ec3770276ea543fc44d23fc96c0ffd5d0fecab1a20fc6b431a1ad01ad036000d800ab56f41693b979d72ce9dc54965cee673dd59bef1f5236d89fad599107c451b218991c2c6c71b006b5ad1b068f4017da22088dc6d16e4dd926d2ac322e8fc275a1137c52cdf7e52fdb7db703a6fb7451f2f80c3669d13b3189c7e41d1022336ab3252c07bedcc0edd82e9a20ae7e22691fe4b607feae87f65776a56829d58ab5382282bc4d0c8e289818c63476000e802f64410f178bc7e22bba0c551ab46073cc8e8eb42d89a5c76ddc43401bf41d7e095f1742b642cdeaf4ab4576c8026b0c89ad92503b73380dcfdaa62208b92c7d3ca537d4c95482dd57fce8a78c3da7ec2b9784d1da730568d9c46131f52c11b78b142d0f03d01ee1779101566e682d2772ebaddad398a96c38f339eeacdf78fa91b6c7ed566441f10c51c11322858c8e2600d6b18360d03b003c97233da5703a81ec933788a37a460d9af9a10e701e81ddf6f82ed2208789c5d0c3d36d4c553af4eab7a88a08c31bbfaec3cd4c4441127c6d1b190af7a7a55a5bd5c110d87c4d7491023621ae2371b827b2fdc9e3a96569bea64ea57b955fb17433c62461dba8dc1e8a5220877b17432143d86fd1ab6a96c07b3cd0b5f1f4edee91b74d86ca5b1ad631ac63435ad1b0006c005fa882255c650a972d5bab4aac16ad10679a389ad7cc476e7701bbb6dcf75ca9f456959e69269f4ce1259a4717bdefa1139ce713b92496f525581107128691d378eb71dac7e9fc3d5b519dd93414a363d876dba383771d0aeda220893e368d8c857bd3d2ad2deae0886c3e26ba48811b10d711b8dc13d94b44415ecbe89d3198ba6de53038eb368fce96481a5cefacf9fdabb5469d6a1563ad46bc35ab463664513031ad1e800e817ba20e7e6b0b8cce55f66cc50ab7a00770cb1187807d46fd8af1c0e9cc2e9f63db84c5d3a224f9e608834bbeb23a95d64410ed62e85bbb56e5aa55a7b7549304d244d73e227bf2b88dc7d8a622202894719431f25992852ab55f66432cee8626b0caf3ddce207bc7af73d54b4410f2b8ca197a6ea995a75ee56775314f187b49f5d8f9ae760b48e9ec04ee9f0d86a14e770d8cb14203f6f4e6efb7c1775107cc8c6c8c732468731c36735c37047a15c0c6e89d318cc88bf8fc0e36bdc0776cb1d768734fab7a74fb15851045c763a963207438da75a9c2e7990c75e26c6d2e3ddc4003a9f55291101111011110111101111074511101111011110111101111011110111101111011110111101111011110111107391110111106518a9643f84ae622323fc21826bb937e9bf3c5d765aa472c7239c23918e2de843483b7d6b08cfe16cea1fc21f238c86f4f4aa4b898cdd7d7772c8f84166f1b5dfc5e67726e7d375e5c4fd0b8de1ae26b6aed12eb38ebd46c46258fc77bd93b1c762d773127bedf0db7e9d906febce39a291ee6c7231ce6f70d70242a7f1130994d5387a1571f97189c6c92364c8c8d7164af8760795ae1d079efbfc3cb70739d57c3dd158ad3590ca68aca0a59dc5d77db8e6ad91323dc6369710e1cc7b807b6dfdc837a458f6b437f57f0271f9f85ee8f3356bc5936be2ddbbbd83f7cd80f22398edf00aebf8e557f734fc6de9e0fb07b5f26ffc7e5f99f5f37ba82d8bcdf344c7b58f918d7bbb34b802562d88c8dde1f70126cfd873a5ce647fc2f9a5ebb4b33806120f9069076f50572f11a5786577191d9d5daa68e533f61824b36e4cb8696c846e4340701b0ec3707b7d883fa051641c0dcf48731a934b7cac3354316f64942f78a242f85dfc52e1df6e9f6ee3b0016b565d236b4ae81a1d30612c69ec5db741fa507d493471168924630bba0e6701bafb5fcd5c3dc568ad615ed4dc46c93e5d5cfb1232786fdc757745b1e8d8dbbb46db7975dbb6c16c3c3fc05ad1d86c857b799764b10c91d352326ee7c10ec4f2177f186c076e9dd05c659191379a57b58df571d82fa690e682d2083d885fce5a6e5d27c4275ad43c49d43503e699eca5899720206d5841d86ed0e0798faf9f7ebbae8e97c862746f14f0f88d1b9d8b25a6b34c7c725365b16054980dc39a773b6fd3bf7ebdf61b06fabe23963979bc3918fe53b1e520ecb0dcf626cea4fc2032586191b5531b262a392e36bbcb5d2c6d2cf701fe2eee2ddc8f2dc79a8dc45d198ee17fc8faa7463ecd0962bd157b35fc773d93c6edf7079893e5b6ddbaefdc041a6f11b57cba49b8230d4659f94b231d1773bcb7903b7f787af6ecae2b05fc20f48e35d98c0e58bad7b56532d5eace3c63c819cbcbeeb7f8a7668eab5bd1ba531da471d352c4bacba1965333bda26323b9b603a13e5b0083b375ee8a9cf230ece6c6e703f101629c03e2467353662de3755586cb2cd585aa2f11323e66b5e58f1ee81bf5fec95b4e47fdefb5fe29dfd457f30e9a63f05c35d0bae2b83be1f213416f97b9ad2cae6bbf41240f8bd07f524b232189f24ae0d8d80b9ce3d801dcac3784fc47d41ab78996eadd980c0cd5e7b54a1f058d3e1b650c61e6db98f6703b9ee0ab7f1c338fa5a01f5318e0fbf9c9198fa81a7e778bdc8ff4771bfc42ac694c3c3a7b8e98ec457eb153d30c841fa4449d5df69dcfda82d4ed49941c70669c161bf241c4fb5187c36efe27391bf36dbf6f2dd7ef1535bd8c0b6a60f4dc62deabca1e4a90801de137ce570edb0ebb6fd3a13d81542e226aa834771d1f949a17d897e4211578180932cae90f2b7a76faff00bd4fe033997b54ea6b9aa1928d74d9769e3b036314040d8463c87607e1cbebd435dd395b23530b562cdde17f2219bcf388dac6971ee1a1a00d8761e6a3eb3cd49a7b4c643295e9cd7a7823de3af0b4b9d23c9000d80276dcf53e4375da4418ed7c1f15ef631b993ab2a54bf2304ccc50a4cf09bb8dc465e7720f979fd7e6ae5c2bd5eed65a3a1ca5a85b5ae46f7d7b51b7a35b233b91bf6041076f2df65c4e296a8d6b85f6b8b4be98372a88038641afe731b8efbed10ea485c8d24ec5e33f07ccbcda62fbee16d1b52cd61ede493da0b0977337f8a474e9d7a00773dd07c54ceeb1e25e4efbf47e4e1c0698a729823bae804b2db78ee5a0f66f63d36ee3bf503dabea2d57a0352e331dae2fc199c1e4e4104194642227c329ecd781d363f6f4ebbf42159381b562abc29d3ac80001f0195df1739ee71fbcae5fe1230472f09b2523c0e78268248cf987788d6ee3ec714165e256b0834569897272446c597bc4156b83d6695dd87d5d093f00a975b4e71572551b92b5ac6ae32f48df11b8e8e931d147e8c73ba9fafa3beb2a1f10a57e4f58708ebdcdcc33ca6d48d3d9d235b1386ff6effa56d48283c2ed6773503f2786d455995352e21e23b51c7f32469ed237e07fbc1f35cdd6bab33f92d643466833043908e213643233379d951876d801d417751dc1ee3e2442940a9f84e43e074f6cc1ef3ede6438edbffa8d4e080f69d57c46c84def5a7e61d0127b8631cfe51f7fdc82366c711b87f4ce72c67a1d518a83675dab2556c2f647e6e611bf6fafa7a15a7d4d458db3a559a859386e2dd57dacc8ee9cac0ddcee3d475e9ea14eca578ede36dd79c0743342f8de0f62d2d20afe6fc6642cb3f04dc806b9c396735c1f463ac3771fac47da82e384b5c40e2442fcce33331696c0bdee14a2159b34d3341db9ddbfc4791dbe1e67a9a5b54ea2d3dad2be91d7b2c171d7985f8eca42c0c1311dd8f68e80ff007eddf7055f747d58a9693c2d6ae00862a50b1a07a06059cfe10e0415f46e422e96abe72111b87700824fdec6a0d7551b8a7ad27d2b468d4c3d56ddd419597d9e8d73db9ba6ef77c06e3f4fa6eaf2b22cd0f6cfc25703158eb1d3c3be785a7b07b8c8d27f47f520fd7e99e2ac154e423d694ec6400e738f34982171efc81fb7d9bec3ebf356ce186b21acf012589ebfb26529ca6b5eabff00272b7bedbf91ff0068f257058fe8277b0f1bb88f5ab0fde5d1c164b4762f2c0e3f7bdc83d72da9b53eb3d6191d3fa0edc18cc762cf877b2d24425265fa1183d3a1047d87a8e9bc3ca65b5b70ca6ab90d4b968b52e999256c566515c45355e63b07003b8fac9f4e9b8537f06660770ea5b8e3cd66e5f9a699e7bb9dd07f77deadbc5aaf1d9e196a764c0168a12c837fa4d69737ef0105aa19639e18e585e1f148d0e6b9a770e046e085cad61977e034b6572d1c4d99f4ab3e711b8ec1c5a37db7f25c7e0fcf258e1869a92624bc5263373e8df747dc02e4f1d74d51cd687c85fb8eb027c5d49e68045296b4b8b41f787f187ba105b746e61fa834ae2b2f242d85f76bb2731b4ee1bcc37db7f35d7924644ce695ed637d5c760b2ae0b691c460b49e2f53c4fb9ed73e343a7e79cba30080e76cdec3e6ae1688d2917162bcfab75bcb66cd4b1348cc7e39933a38a089ae2ddfdd20f36e08fb373befd03736b9af687348734f620ee0afd589d8c59e126b6d3e7076ac9d2d9bb22958a1348646c12bbe6bd84f51df73f51efd36db101111011110111101111011110745111011110111101111011110111101111011110111101111011110111101111073911101111064b8aff8cd667fcc2dff00bc8949fc253f827c87f8f83fef02d1998ca0cc9bf24ca555b917c7e13ad089a25733a1e52fdb723a0e9bf905fb93c752cad4755c9d3ad72ab882e86c44d91848ea376b810831ce36cf1fb6e84a79e9668748d8948c81639cd639c1ade40f23aeddcfd5b9f25cde27d4e1755d1b75983a588b9967d771a8cc6c9cf2308693e238b0f46b402e25dd361e6b74c8e368e4a8be9642a57b54de367433461cc2076e87a2e5e2b46e9bc4c7663c760b1d032cb0c5306d76fef8c3ddaedc7569f4ec8393c208d9370a74ec72b43a37d26b5cd3d883bee162d0c569d28e1011216373a5e5db1ff7bc0f1bbfaff197f4c52a95e8d58ab52822af5a21cb1c50b0318c1e800e802f0189c70ca9c98a153e522cf0cdbf05be372fd1e7db7dbe1ba0a771af4dcfa8786791c7e2e2e6b30864f0c4d1f3b90825a07af2efb0f5d956f4be5384d95c057b9728e94a168463da2b5aaf045247201ef0e57004f5dfa8eeb6255bc9685d2d93bcebb90d3f8c9ed3ceef91f5dbbbcfabbd7ed41c3e14dfd3d98195bfa5f4dd6c5d18e6f668ae455d910b8d1dc80003b03ebebebbabe597be3af2be28ccb23585cd8c1db9c81d06fe5bafcad5e1ab5e382ac51c304639591c6d0d6b47a003a00bd5063f435170e75f519ac6aca388c765a27be2b15f2323229e3e5247cf3cae3d36edd8f4f25078275e1972dae31381b53d8d181cd8a948f71735af734f38613dc75fb9a7cf73a76674669acddbf6acb60f1d6acf9cb240d2f3f59ee7ed5d8c7d1a98da91d5c7d686ad68c6cc8a160631bf501d10609c2c874561e85ad33af71b82a9a831b3c8c74d928221ed119712d7b6478ea3aec3af6015bf4ce47435ed7f162f4969bc4da7d584d8972b4ab4423aceec00706f527d41f3f81daf79fd2f82d4263766f134af3e31b31f3441ce68f407beca4e170d8cc1d4f66c3d0ab4602772caf106027d4eddcfc5066b8aff008cd667fcc2dffbc897d7e12dfc1ed7ff003941ff00dcb4d663283326fc9329556e45f1f84eb4226895cce8794bf6dc8e83a6fe413278da395ae2be52956bb0070788ec44d91a1c3b1d9c08dfe2832ffc22dfecb87d319191af352966a09a77b46fc8c01dd4ff0057e85a46073d8ad4159f63097ebde818ee473e077306bb60763f1d88e8a6dcab5eed592b5c822b15e41caf8a560735c3d083d0a8b86c36330759d5f0d8fab4607bb9dd1d689b1b5ceedb900753b01fa1048c8ffbdf6bfc53bfa8ac8b82f868750f004622cec23b82cc5bfd126476cefb0ec7ec5b239a1cd2d7005a46c41ec428d8dc752c5d46d5c653ad4eab492d86bc4d8d8093b9d9ad007741fcfbc269725ac35960a966617362d155648a50e3b87d8e731b37fa9ad1f6b0faaba0ff008cc1ff00f2ff00ff00b8b4ea78ea34a7b33d3a75abcd69fe24f2451358e99df49e40ddc7a9ea57e7c9b47e53f94bd8ab7ca3e1f85ed5e137c5e4df7e5e7db7db7f2df64193e428d5bdf84dd336e064decf8613c5ce370d787b8077d6372a6f18f03771b729ebed30c272f891fe170b7a0b55bf8c1debb0dfecf880b4bf93287ca7f297b155f94447e17b5784df1793bf2f3edbedf0df6529cd0e696b802d23620f9a0e5695cf52d4d80a797c649cf5acb3980f361ec5a7e20ee0fd4a0f1172998c2e8fc86474e548ae642b3448d8656b9c0b77f7880d209206e76dfc975f158ac761eb1af89a1528d72ee7315585b134bbd7668037e83aae5eadd6780d23ec9f8c5906d2f6ae7f07789efe7e5db9be6b4edb7337bfaa0e16238b5a3eee9d872963374eabcc41f2d596402663b6eade4ee7afa03baadf04b0eecb696d5d6edd77d6c5ea2bd624af0bc6c7c078237dbd0f36dfe8af2b3ab382d67206f5818792d1773991d8d90f33bd48f0f627e2ac6ce3270f98c6b599f89ad68d801566000ff510567849abaa68ea56344eb4b51633218a95e209acbb922b10b9c5c1cd71e9e676f86de876f2e2867eaf11af63343e92b2cbecb16193e46dd73cd1410b4eff003874277ebf5803b95d7cf710f84fa818c6e6eed0bc23f9867a12b8b7ea259b85f783e2470ab035dd0e16fd1a3138eee6d7a32b398fa9d99d7ed41e9c70c15d384c2e7b035ccd7b4dda6da642d1d5f10db9da3fd5693f00576717c55d197f0d1e41d9ea358399ccf8279436661f36f277247c01dfc945fdd9f407f2859fd1a7fd8559b7aa782972f3ae596e1e4b2e77339eec6c9ef1f523c3d89fad048e1709f58710f39af6482487166118fc6091bb192304733f6fac7eb11e4a233211f0c38b7997e639a0d37a98b6c457363c90d81b9735de9b973893f16fc76b345c62e1ec31323873d0c71b006b5ada9300d1e80722f0c9715b86994a6fa992cb54b755ff003a29e94af69fb0b107c71178a183aba72c55d3992ad96cdde61ad4ebd1904cee778d838f2efb6dbefb77257de2b876f8f8207484e582ecd55ce793d5adb05de20ebe81db0dfd02e56135af0770568d9c44d8ca9608dbc58b1f28781e80f26e177ff767d01fca167f469ff610723859c46c543a6abe1355de830f9dc4b053b10de9045cdc8366b839dd0ee00dfe3f0d8ae5e77270714789380c6601ded581c14e2fdeb8c07c37c83e631a7cfb6df1e63e8a7e775cf0833f3366ccd8c6dd99a36124d4252fdbd39b937dbe0a7e278a5c31c3d36d4c56529d3acd3b88a0a52b1bbfaec19dd059f516b9c2e9fd4b88c164a599b7f26e0d803632e68dddcade63e5bbba79fc7654be31416b4eeabd39afa95792c418ce6ab916463777b3bb7f7bea1ccffb4853ad714f8636eed5b96b274a7b7549304d25195cf889efcae31ee3ec529fc64e1f3d8e6bf3f139ae1b106acc411fea209d638a7a2a1c3bb23f8c34648c339c42c90198f4ede1fcedfeb0b83c10c75eb936a1d659681d5e7d4160495e178eacaeddf93f4eff0068683e6b951ea8e09c5785c8d9866d80ee70e18c93a1f503c3db75661c66d0006c35047b7f92cdfb082a5a07315785faa337a4752cada38cb165d7b17725f762731db02c2eec36007c3707d46f378b7ae6867708749e8cb7065f339922bff823c48c8a327df739c3a0e9b8f80dc9ecba39ae26f0b73957d9b3191a57a00770cb14657807d46ece8546c0ebfe1269f2f384b78fa2f78d9ef8284ad7387a13c9b908348d31898f03a771b8a85dccca75d90077d2e56804fda7aae5f13abcb6b877a921af1ba495f8f98358d1b971e43d0053b4aea6c3eabc7c97b4fdc172ac72985d208dccd9e00246ce00f670fd2bb28331e0fea0c1e7b87789c0d6c8c0fc8371de0cf581fdf1800e4712df4ea3afc42e2f06f54e3b4961e6d17ab2dc189ca62a791ad36de228e78dcf2e0f6b9db03d5c7ecd96a78fd3984c6e465bf8fc450ab76504493c35dac7b813b9dc81bf52015f19ed3183d43c9f2de2695e7463663a78839cd1e80f70832ed6798a7c44d7ba5b03a6a665fa98cb8dc9642e4079a28c33e6b43bb127a8e9ea3e3b6d2b9d84c262f0554d6c363ead1809dcb2bc4181c7d4eddcfd6ba2808888088880888808888088883a2888808888088880888808888088880888808888088880888808888088880888839c88880888808b2fd6fa8b516575dc3a2f4659831d61957db2ee4258c4862612006b5a7a6fd47fac3b6c5739997d5fa035561296aacc439fc1e62715196bd9c432d798ec1bb81dc1dfe3e7db6ea1b0a2a2f16756ded338bc756c1c11cd9bcb5b6d2a625f98d73bf8c7d76dc7e9f82a867e0e25689c449a8a7d51573b0d5024b98f92a3626966fef723875e9f67d47b20da5156afeaea75787efd56d63df53d845c647d9cee6682d6fc0ee4059ee1f1fc50d4d85835147aae9e324b718b35b1ada6d74618e1bb439c412371b7af741b3a2a4f0b7594baab4a4d732b0b2ae4684f254bcc67cd12300248f81047af5dd5033bc5acd6473fa7ce9aa1254d336f27153390b310e6b7bbc070635dd9bb6fd76dfeaec83754548e2767f3d8c8b198cd274bc7cbe52630b2c491974355a36ddef3b6de7d01f43d0edb1a56a43c45e1f633f18adea5afa868577b7db694951b16cc7380dd8e1d7b91e9b77d8a0db1150788baedf81d158fc9e16016b21977450e3e27f62f91bcc09fa8797aecaaf97c4714f05869f3a357d5c859ad19b13635d498227340ddcd6b80dcec37f204eddd06cc8b83a0f5147ab348e3337147e10b71f33a3df7e47825ae1bfa0702a56a8ced2d3581b997ca49c956ab39ddb7771ec1a3e249007d683a88b1cc5b3895aeebb72d1e62be93c54e39ead6657134ce61ece7977a8f88fa97e4da8f5970e32945badadd6ce69bb72880e4a2884525671edced1d36efebd01ebbf421b222a2f1a7506474cf0f2f6570b3b60bb1491064858d7801cf00f4208ec5702ae178af3d686766b1c4112303c35d41be637d8ecc41aca2ceb875ac733735164b4a6b1ad5a0cfd08c4ed96b6fe15988903986ff00ce6fe9ec362b9b9ed63a8f536a9bba6b874dad0b681e4bf97b2de7642fedc8c1d4170d88ea0f507b01ba0d5d1649634e714f0d11bb8ed615337330733a8daa6d89b2fc03879fdadfad5bb86dad20d698592c7b3be9e46a486bdda6ff009d0ca3b8fa8f97d4477082da8b3dd1fa932992e296b3c35cb0d7e3b1a2035a311b416733773d40dcfdab42405072987c665bc2f9531d4eef85bf87ed30364e4df6df6e6076df61fa02a5eb5d4994c671334561e9586c743246716a331b497f2b411d48dc7d8b423d06e7b20e17e27e9afe4ee1bfa0c5fb29f89fa6bf93b86fe8317ecaca749f13b3790e25c42eb9bf8a194b7628639de1b47ef9186f2bb980dcf36e0753ddc7d16e68385f89fa6bf93b86fe8317eca7e27e9afe4ee1bfa0c5fb2bbab07e1ef1333d738ad77099fb0d93133dab54e91f058ce596276e0730009f7761d7cdc106b7f89fa6bf93b86fe8317eca7e27e9afe4ee1bfa0c5fb2bbab08a1c4bcf6538df06229586b74c3ee4b4dadf0587c474516eff7f6e6f9db1efd8841ad7e27e9afe4ee1bfa0c5fb29f89fa6bf93b86fe8317ecaad6b5d4994c671334561e9586c743246716a331b497f2b411d48dc7d89ad75265319c4cd1587a561b1d0c919c5a8cc6d25fcad04752371f620b2fe27e9afe4ee1bfa0c5fb29f89fa6bf93b86fe8317ecaeea20e17e27e9afe4ee1bfa0c5fb29f89fa6bf93b86fe8317ecacbf8b5c45d4184d60eaba6b95f8ec3578ad659a236bcb9af91a03372371eeb876dbe713e4b67a7662bb4e0b559e1f04f1b648dc3b39ae1b83fa0a0e47e27e9afe4ee1bfa0c5fb29f89fa6bf93b86fe8317ecacb789fc45d45a5389d056a23da3035a9c572f566c4d2ef0cc858e7076dcdd376f9fddbad9f1f76be46857bb4a56cd56c46d96291a770e691b828395f89fa6bf93b86fe8317eca7e27e9afe4ee1bfa0c5fb2ab9c36d4793cdea8d6f4f25604b5f1991f67aad11b5bc8cddfd370373d87750f2382e27c990b4fa3abf170d474ae7431ba8b5c58c24f2b49e4ea40d820b7fe27e9afe4ee1bfa0c5fb29f89fa6bf93b86fe8317ecac8b2198e23e275de0b4ebb5351ca5bb92092782bd2637c1801f79cf716f404076de7d3eadef1ad75265319c4cd1587a561b1d0c919c5a8cc6d25fcad04752371f620bbe371b471703a0c652ad4e173b9cc75e26c6d2ed80df6681d7603afc14b596715f3da9aa6b2d2982d2b92871efca8983df340d91bbb4020f504faf65f9f8bfc58fe5a623fa037f6106a88b9ba720c9d6c255873b6e2b99263489e789818d79dcf50001b74d97490111101111011110111101111011110745111011110111101111011110111101111011172339976d16f850eceb047d8dfad60d4ea6de96dcddbb38885f6edd572adb4f34fb976bd36735890377ec3ccfd4170ad6a6f788ab074fa521fee0abb3cd24f2ba499e5ef3dc92be1713acf68f5176662c7bb4fdd336bb3edd319af8cbab26a0c838fbb2319f06b07f7a333f9069f7a463ff009cc1fdcb948a2ff53d6673ded5eb2d9f0d6b96d8f4596aea6ea05a83a7d28cff00715dda776bdc67357903b6ee3cc7d8b3d5f704d241236485ee63c7620a94d1fb47a8b53117bdfa7eff009f56b5decfb754668e12d1d172307986de1e14db36c01f63bea5d75db69b536f556e2eda9cc4a1ae5baad55b6ae62222ceb1ce44440444418af122e4f81e2be3727a3a3764f5358a86bdcc4b584b5f5f7dc48e78f98770075f41f6c0b196ca6a5e24e9aadc44c6bb4dd2ab37b463eb9fdf596ec8f9a0ca3dd1b74d879efb79853e9662968be39ea77ea899b4e0cd410c94aecdd23218d00b0bbcbaf4ebd3dd1ea178719f52627584382d35a56ec193cc4f918a663ea38482bb5a0eef2e1d077f5ec094162e3ec7499a6f1d7df75d573346ec73e2832332ba6b00f48c307520f4fab61f51a5ebad59adf27a59b475369a7e9ec2db2c8f21928c1b0638891cc7c31d59bf6ebbf7d95938d12fc89adb436a7bf1c8fc263ec4b159735a5c2173c00d791f66ff00e8faecba7c41e246901a232cc873143212dbab241155825123e473da5a0168ea075ebba0efe571da7ddc30971f35a645a6c638442cb5fb86c218395e0f99ec47a9595692d67c41a3a1e3af85d28fcbd0ab11868e4de0c46585a3663fc12799dd00ec7aae8e6f4ce647e0c70628c533b230d7658920d8f3f2097c4e4dbd5ad23a7fd1571d37c50d193e98a764e728530c81a1f5a5903248c86ec5bc9dcedb6dd01dfc9078702ea629ba0cbe85d3909ae58926c8c923391ded0edb9d8e61f9bb0d86de7dfcd72b8e51470dce1ec50b1b1c4cced76b58c1b068046c00f20bf780a24bf73596a1861920c4e5f2465a6c7b79799a0bb99e07c7987da0fa2fae3c7fbe3a03fcff0007f5841acafe7fe2bea3d4f9080623546127d3fa4a7b423b79383fc25ce883f76f6f980903bfdfd8e85c4cd697f45643056e4a71c9a72798c390b218e74906ff00348d8ec075dfb1f9a4772171b8a7c43d2b6340e56950cad3c9ddc8d7756af5aabc4af73de36692d1db6277ebe9ea834ac5c54be4aa2ca3e1c94590b3d9cb76737903472907eadbaaab718352c3a73445e00f3e42fc6ea74a068ddf2caf1ca361e7b6fbfdde61710ea48f855c21c13b3d0cb2df657657656677329697721776000e84fc3a6eaa1a2f3da6ef6799abb5f6a9c64f9b03fc0e8b1e4c38f69f21d3abfe3f793d406b1c31c049a5f4161b113802c410ef30077024712f70fb0b8854cfc227fc2317a5b1b213ec97b3504538f2737af43f0ebbfd8af36f59e120d2167534571b6b11034b8cb075e621dcbb377db73bf4fad55f88b8a9388fc30af770914f05e1e1e4b1ec9806c85cddf60762402e693b75f31ba0bf652ed6c4622ddfb5bb2a5381f3c9c8ddf958c6971d80f80ecb339b8e7a027686cf66c48d043807d371008ec7a853f45716f4fe5f16c6e76f57c366601e1dbab75de0f2c83a1e52ed811bf9771e6a91c75d735753693c8e1b4938642b401963257621fbcc5187b79581dd9ce2fe5ede40fc760b67e10b623b7c19bd62124c533ab48cdc6dd0c8d21438b8e3a771d8baa2d63350339636460ba986873b97b025c3d17e71b3f8011fe269ff00698af3a834d54d5ba0fe47be368ec5667249b6e6378682d78fa8ff0078414cd194b3396d659cd7f95c6cd8a89d40d4c7d3b03694b06ce2f78f2eadedf13e809f6fc1aa063786715bf9d66edb9e69e43ddcfe6e5dc9fa9a14de0dea3b57f19734d6a2e9a8704ef66b0d71dfc68fb3241bf7047427cfa1f3556d23986708f50e434bea60f834f5bb0eb38ac872931b43bbc6e23b6dd3ea3b9ec4141b8ac8f4b3450fc22f5654aa396bdcc6456e568ec240631bfdbcce3f6ab2e738a9a33138e92dbb3d46d96b776c34e56cd23cf900d69e9f6ec171783b88c9dbc96775b6a1aeeab7b38f68af59df3a1aed1b377dfcc80dff00541f3411b87bfc38f11bf9b57fb0b5a586e035361b4df1b75fc99dc8c14593fb3363329db98860df6fd216830713746589e3861d4545f2c8e0c63438eee24ec0764156e247f0d3c36fe75afec8563e33ea1769be1de52cc0e22e586fb2560df9c6493dddc7c40e677d8ab9c48fe1a786dfceb5fd90a0f136a335ef15705a35ef93e4da103f2190313b62091b306fe47e6ffae83f35a6889311c0ac757a2d0ccae9f6c7926bda3a895a79a53facf3f605a9e93ccc5a8b4d6332f5f611dc81b2edf4491ef37ec3b8fb1509dc0cd26e043a6cc107a106e9ebf728fc079e4c34fa9744db7932e16e39f5f9bbba090ee0fe9ebfe9841adafe5e662e7b1a3f5a66b1dd32580d512e46077c1a4738fab6f7bfd15fd42b22e064115a835ed7b0c0f865ced98ded3d9cd23623f420b2eaed6d5e870aac6a9a6f004f4db255dfbf89200183ec2eebf51597e1f4e9d31abb8458f941169d1dbb1677efe2c8ce676ff56e1bf62e5e9ba590bfab315c31bac7bf1f80ca4d7a691c77f12bb7674408f425e7fd71e8b44e21ff000dbc38faadff006107cf123f869e1b7f3ad7f6427123f869e1b7f3ad7f6427123f869e1b7f3ad7f64289c5ec8d3c4716387b7b256195a9c3ed2e92579f75a395a3afda506cabc2f5a868d2b16ed3c32082374b238ff15ad1b93fa02a97eea7a23f94b8ff00f58ffb156f8dda9197387b4a8e9f9db627d4b3c74eabd87a3d8e23988f81e8dff49044e1160c6a9d23aa737998c89355cf30f78756403998c03ea25db7d4175f803959ec68c9709903b6470365f8f99a7becd2794fd5b6edff004544adc09d2b1578a374f972e6b4025b6cb413e640dba2e2e9cc457e18f19eae2e9be7f91751532d63a77f39161849d89f3fff00e883a57ab4373f08e92ada8db2d79f4eba392370dc39a5e41057a70ced4da2b56dde1fe56573aa3b9ade12790ffba42492e8b7f56f53f63be0be9dff0019967f983ffdc2bbdc5dd293ea1c0c5770e4c5a871327b5e3e56fce2e6f52cfa9db7e901070f837ff0df899fe77fef915d35feaba7a374cd9cb5df7dcdf720841f7a694fcd60feff00400959afe0e1957e7321adb29343e04d6ee4534917d0710fdc7e9dd71a2d63a7f57f13a5caea9cb56a583c14863c6d2b076334c0f599c3eb1b8ff47d0ee1a0f08b4a5cc757b7a9352fef9a9f327c6b05c3fdc23eed887a6c36dc7c00f25cae247f0d3c36fe75afec85698389ba2e79e3861d4545f2c8e0c63438ee493b01d955b891fc34f0dbf9d6bfb2107378d976ee3b89da06de2f1eec95d8bda4c551b206194ecd1b731076e9b9fb1757f1fb5f7ffd32b1ff0058b7f6141e2f6469e238b1c3dbd92b0cad4e1f697492bcfbad1cad1d7ed2ae3fba9e88fe52e3ff00d63fec416dc7cb2cf42b4d66135e79236be4849dfc3710096efe7b1e8bdd70af6abc3d3d272ea43684d888e3f17c685a5dce37e5f7479f5e8bdf4ae7e8ea8c054cc625ef753b209673b795c087169047a820841d6444404444044440444404444044441d1444404444044440444404444044440444410b2f7850a6e93a7887a301f32a8923dd2c8e7c8e2e738ee49f35d6d516bc7c87843e642397edf35c75e79dbdae9d4ea66dc4fbb470f3eb29fd0d98b76f74f3911148c730497ebb1dd9d2341fd2a1add135d5144756dd53b62653b1f82b372112f336363bab4bbcd7edec0d9ab03a50e6c8d68dcf2f905730000001b01d8043d4755ddc7b37a5eeb6ce77639e7afd109fa8dddd9e9f066a8a5e5e31164acb1bd83cfdfd5445c2ddb736abaa89e938f44dd356ea62af8bea37ba391af612d734ee08f257bc3de17e9364e9e20f75e07915425d8d2f68c191111f9930e5fb7cbff3f1531d83ae9d36a62dccfbb5f0f3e92d4d7598b96f747385c91117a1a01ce4444044441cfcd61b199caa2b662855bd003b8658883c03ea37ec546c0e97c169f73dd84c452a2f78d9cf8210d7387a13df65d9441e56abc36ebc905a8639a09072be391a1cd70f420f42b818ed0ba571b79b72869fc6416987999232bb7761f56f4e9f62b22202acdcd05a4ee5d75bb5a73152d871e673dd59bef1f5236d8fdaacc883e218a38226450b191c4c01ad6306c1a076007928f7f194322eaeec852ab69d5e412c26789af313c7673771d0fc47552d107959af0daaf2416a28e68241caf8e468735c3d083d085c3c4e8ad3388ba2e633038dab687cd963aed0e6fd476e9f62b0a208397c3e33330b21cc63a9df858ee76b2d40d95ad76db6e0381d8ae57e22691fe4b607feae87f6558d1050b881a17e5ed33434ee0e3a18cc47b6c735d8a367840c209739ac6b1bb7313b1ebb7657a863643132289a191b1a1ad68ec00ec17da20e0e7347e9dced813e63098fb9381b78b2c2d2fdbd39bba915b4de12b621f8a83118f66364f9f54576784febbfbcddb63d40eebac8821ddc5e3efe3fd82f51ab668ecd1ecf342d7c7b0edee91b74d86ca5b1ad631ac63435ad1b0006c005fa8821b7158f6e51d936d0a8324e6786eb6216f8a59d3dd2fdb7dba0e9bf92fac963e9e4ea3eae4aa416eb3fe7453c61ed3f61e8a5220ad63342695c65b6daa1a7b190d869ddb236bb799a7d413dbec5654441c4bfa474de46dc96b21a7f0f6ad48777cd3d28def79db6eae2ddcf40178c5a274a432b258b4ce0d92308735eda1102d23b10797a156144112ce3285abb5ae59a5566b75b7f0279226b9f16fdf95c46eddfe0bf20c5e3ebe46c5faf46ac57ac00d9acb216b64940db60e701b9ec3bfa298880a1c78bc7c79493251d1aadc8cacf0df69b0b44af6f4f74bf6dc8e83a6fe414c4405131f8da38ef1fe4fa55aaf8f21965f0226c7e23cf773b61d49f53d54b441163c7518b232e423a75997e5608e4b2d89a257b4766976db91d0745f9631b46cdead76cd2ad35cadbf813c9135d245bf7e5711bb77f8296882259c650b576b5cb34aacd6eb6fe04f244d73e2dfbf2b88ddbbfc147cbe030f9a744ecce271f90744088cdaacc94b01efb7303b6fb05d34415cfc44d23fc96c0ff00d5d0fecae88c061c1a246271e0d0e9508accff0007ff0017d3dcec3b6cba4880a1dfc5e3f213559afd1ab6a5aaff001207cd0b5ee85dd3de6123dd3d0751e814c44113e4ca1f29fca5ec557e51f0fc2f6af09be2f26fbf2f3edbedf0df652d11042c7e2b1d8d92cc98ea152a4965fe24ee8216c665775f79c40f78f53d4faae53f43e937bdcf7e97c139ee3b971c7c4493ebf355891057a2d11a522959245a6306c918439ae6d0881691d883cbd0aeb59c650b576b5cb34aacd6eb6fe04f244d73e2dfbf2b88ddbbfc14b441cccbe030f9a744ecce271f90744088cdaacc94b01efb7303b6fb05cffc44d23fc96c0ffd5d0fecab1a2084cc563e3c5fc991d0aacc77218fd95b0b445ca7bb7936db6ebdb65ed4aa57a1522ab4a08abd689bcb1c5130318c1e800e817ba20222202222022220222202222022220e8a2220222202222022220222202222022220ceadc9e2da9a43fc6793f7af25faf05af703dc1d97e2f22ae66aaa6679baa88c46205f7048619e391bdd8e0e1f62f85e95e092c48190b4b9c7c95688aa6a8d9ccab18e3c97ac6e422bd0b5d1b8789b02f60fe2afdc8df868c45d2b873904b5bf49559981c88d8b58d69fe780bf5f81c8bbab98d71f8bc15da476af68773b7c3ceff8e271f5c610fe174fbf3de463e0e65998cf62495dddee2e5e6bd6cd796b4859330b5de8bc9717737ef9dfcfaa629c6236f217ad490c56a1907f15e0fdebc97eb0173da07727654a2669aa263993198c4b494445ebae55ce442362422022220cd6bea8cbe078af269ed4965b3e272ccf171160c6d6723c7ce849681b9ebb75ebf37e9299c5dd5d734ee2e950d3e049a932d3b6b518f943b97a8e67907a6c3703af4dcfa02a6715b497e37695960acef0b2b51c2d509c1d8b266f5037f207b7e83e4a8bc138efeb8cccdaff0052786e9a28c50a1137e6c7cad1e2480791249ff59df041afe2a3b3531359994b62cdb8e2027b05ad607bf6ea761b003752e39192b03a37b5ed3e6d3b858963311fbaf6aacf5cd4166c9d3189b6ea34f1f0c8636caf6fce7bc8ebe87d7aede5d7cb5969a8b844ea7aab474d66be3196190e4b1af95d2472c4e3b730e624f30e83bf98f8821ba22ca38bd3bbf1c38686191c23932c37e524070de3eeaf7aec96e88d425a48231d60823cbf7a720ee2f97c8c639a1ef6b4b8ecd04edbfd4b14af34bfff000b065f11fe2fc9ee3cfcc79b7f14f9a93c38e1b52cb61b4e6a8d4b6eedfccf855edd62662d8ebb1a1ae898d6fa6c1bbefdcee836459462a590fe12b9888c8ff08609aee4dfa6fcf175d96aeb04d4385b9a87f085c8e36ade9e855971519bb2d73cb2ba00584b1aef2e6772027d3741bc3258e4739b1c8c739bf3835c091f5afb58b6b2e14e374be06d6a0d0b2dcc566b1913acb5cc9df23666b07339ae0e277dc03d3b7a856ab16733af785742ce9dbd1626f64a18dd34e4bbf7a1da40c23a83b8201f4f4417b134465310918641fc4e61bfe8503539234de5883b11525fec15944fc28e1fc94df5f1995f0f3ed692cbadc9734de2fd22de6dbbf7d805dae1aea0bba978252ddca4866b8cab6609253de4e40e01c7e3b6db9f32825fe0f723e5e11609f2bdcf793637738ee4feff0022d05d344d9046e918243d9a5c373f62ca7839064ad70031f060acc557272c765904f2825b1b8d893dee9bf61bedf15cfafc29d07eca2bea0cb0b7a8ded1ed171f9322632f996b4bbc8f6dc13ea836a5f8f7358d2e7b835a3b927601665c09ca642c6273987ca5c7de930992968c565e777491b4ec373e7d8fd9b7a2a2f09746c3ae29e75da9addbb387a9959e3828326746c327ba5cf790773b02c006fd3afaa0fe8663db230398e0e69ec41dc15f44800927601629a6712de1ef1a6a69dc2d9b070399a2f9fd92590bc432b398eeddfe0cefdfdeebbec17be66bcfc4de2665b4edbb762be97c0b23f6982bbf90db99e3701c47f146c46dff0047e3b80d86296399a5d148c781d3769057dac7f2dc26769cb74b2fc30964c764a199be3569acbcc1622f30edf73fd7fa762a4f1bb52cd56c6034cc1946619b9891c6e641d2067810376e601c76d89dc8dfe1b79a0d4db344e91d1b64617b7bb438123ec5e8bf9fb29a4385906265934f6a9a74339130bebde6660193c4037048e6dba9efb01dd695c19d4d675670fb1d91c810eba39a09de3f8ee61db9beb23627e24a0eceb9c03f54696bd888b213e39f65ad02cc3d5cdd9c0f6dc6e0edb11b8e854cd378c761b01431afb535c75585b11b137cf9361b6e556f8d4f747c2cd44f8dc5ae15f705a7623de6aa171072391a7c11d14eaf62dd7c7d88a8c793b35b7f1190184731dc751b9fd3d079a0dc19346f7b98c918e737b80e048fad7dac36b70eb4365a8c56386f9d651cec45af86dc17dd23c1dc13cec2edfa8dfa6c3fb96db51b332a42db4f6c96031a247b5bb073b6ea40f21ba0a5f1ab506474c70f6f6530d3882ec5244d63cb1af0039e01e8e04762bcb82fab2eeaad26f7669c0e6a8d992adc1c819ef03b83b0e83a103a7982b9df848ff04994ff001b07fdeb573309ff00b25c688e227931dab283256fa0b5137afe91b9fade105eb89ba93f14f43e572ec734588a2e4afb8df795deeb3a79ec4eff00502ab3c05d4f9ed4f82cbc9aa2612dea979d5b6f09b1f26cd6eed21a00ee4a8bc49ffda9e26694d22cf7aa5571cc641be5cace91b4fd677047fd209c013b8d6c4ff282c7f720eb708f526535149aa865ac3661432d2d5afb46d672c6dec3a01bfd6573f3babf33a8b5ec5a5b42d8641151773e5b27e13646c43b786d0e04177f7fd4e594e2f58e4b0f06b6c0695ad3d8d4590cc5a918626126085bbf3483fe974207e9f40763e02c3836f0ea8cda7c9719b775d7c9fee8eb1fc7e7fabcbe1b7aa0d11a0b5a017171036dcf72a93c4ecfe7b19163319a4e978f97ca4c616589232e86ab46dbbde76dbcfa03e87a1db637744189ea43c45e1f633f18adea5afa868577b7db694951b16cc7380dd8e1d7b91e9b77d8ad8685f82ee2ab6422706d69e16ced738edb31cd0e04fd85615c57d47a9f2100c46a8c24fa7f494f68476f2707f84b9d107eededf3012077fbfb1b171db3906178574a96227f0e9e49f0d28e687dee5adcbb923d416b40f88720e960357e735aeb06bf4bc70c1a3e84ae658bb3b37379db105b17a01befbfd5bfd13a62c771997d7785d3d57f17b42d48b05562021a735adadbe31fc620740e3dc8d89dcf99569a1c43a396e1ae475563e37b4d3af2ba4ad27ce8e66377e477dbb75f421073b5b6b3cad9d42348e828a29f39ca1f6ee4a3786830f9bbd5df0fb895a356128af10b0e63e70d024731bcad2edba90373b0dd7f3ef08efeac66967dad25a76bdeb1765759bf95c94fe1fb54c49ddac682090dedbf6df99697c3cd7926a2c85fc267318fc3ea3a003a7a8e7f335ec3b7bec3e63a8fd23a9dd05ed64f90b7ae759ea8cb51d3f7bf167078c97c0f6a96a73cb6e41dcb43bf89e846de5d4efd3585c5d5f90cae330b259c0627e56be1ed0dabe288b9813d4f31f44145d1ba8752e178803466b3b7064dd66b1b543231462373c0df76b9a3a7f15df56ddcefd3a19dc2711ac662dcb87d598ea98f7c84c104945af746df205dcbd554b879919f3bc5eb57b5bc7262f52d7aa60c7e2dd196b042772e7b5e4fbeeeaeede5bf7dba6b9aab33169ed3792cb4e378e9c0f9b97e9103a37ed3b0fb5063d5731c458b89b8ed34dd454b2c237327c9f814e3636bc3cc096b9dcbd1c5bd80ebd42dd9673c0dc2c94f480cde44f8998cf3ce42d4c47521fd58dfa834efb7fd22b464044440444404444044440444404440372020e8a2220222202222022220222202222022220a166613064ec336d817730fa8f55095a756522f8d9698372c1caffabc8aab2f31ed5d2ce97555d13ca78c7d27f30e934b762eda894fc25217af36379da368e676de615de18638181b131ac006dd06cb3fa7664a961934476737ef575c66520bd102d219279b09ff00ceeba0f66afe9a9a66dcf0b99f58f97fa68768d172662afe29e888bae453e258a399a5b2b1af046def0dd5273d45b46ef2467f7b78e66efe5f056cc964a0a31173c87bfc980f53fec549bd6a4b965d34a7a9ec3d02e4bda5bfa69a22df3b9fd47cff00d253b3a8b913bbf8bc14cc3c267c9d7601b8e6e63f50eaa1ab4e93a4591bedbc6c5feeb3eaf32b9eecad2ceab554511ca38cfd23f3090d55d8b56a65614445e9ce6d0666f2cae1f6af852ad33701e3cbba8a8088883e64ff007377d45653f831ff0005907f95cdfd616b1dfba898bc6d1c4d5157174ab52ac09708ab44d8d9b9ee7668037418ff000ff334b877ab353698d4f3b31d15bbefc8d0b739e48a663c01b731e8080d6f7f3dc2fde30ea3c7eb5a74b45694b70e52fe4acc66792abc491d785aedcbdce1d3b81d37ec0fc37d633982c567abb60cd63aade89a776b6c441fca7d46fd8fd4bcb03a6b0ba7db20c262a9d1f13e798220d2efacf728337e3aed869b42e6a48de71b89ca466c3dad27918797a9dbe0d3f6ec3cd74b889c44d36fd0d95871396a792bd7aa4b057ad52412c85cf611b968ead00124efb740568f72ad7bb564ad7208ac5795bcaf8a568735c3d083d0ae2e2745e9ac44933f1b82c6d77ccc31c8e6576eee69e85bdbb1f31d9065d5ff00e2a67fcdceff00bd2b4de1a7f073a5bfcd557fee9abac3118d189f92c63a98c672f27b2780df07977df6e4db976dfcb6526b5786ad68abd58a386bc4c11c7146d0d6b1a06c1a00e8001e483d56139ad4d0695fc226fddc8891b8c9719157b33b5a5cd8038b795eedbb0e601bbffd25bb2832e1f1935bb16a5c7537d9b1178134ae81a5f247f41cedb72de9d8f4419ef13b88fa7e2d1d90a986ca54ca6572303aa55ad4656cef2f9072824349db6df7ebdfb2aa71131d90d27c10d2f889a49e1a6d9e08b2eeae4eed8ddcce7b771e5cc76f8f41e6b5bc468bd3586bbed98ac163aadaf296281a1cdfa8f97d8bb766bc36abc905a8a39a091a5af8e468735c3d083d08418c66a8f07eae9ade9d3c36425923e4ab5a9cbe25a9de7a35a395dcfb93b0dcf6f35f7c0dfe016e7f36e7f515a4e1f45e9ac2ddf6bc560b1d56d750258a06870dfbec7cbec5d3a389c763e83a8d0a152ad276fbd78616b233bf7f740dbaf9a0c27116b274bf04f8e7c2ba56596b650e7c5f3d919b4f0f236edeeefd7c86e574f0b4f8395f45d6b360e1666f80d74be34bcf69cfe5ddc0b77e7e6df7e807d4b66a18ea58fa2ca58fa75aad36021b041135918dc9276681b75249fb571a9e86d2d4f222fd5d3f8b8ae35dced9595da0b5dea3a743f520cdff000656c4ca7ab5b5eac94e16e51c195a4df9a16edd1877ebb81d3afa2e8fe0e1ff0007352ff9facff6235a7d1c6d1c7becbe852ad59f664334ee8626b0caf3ddced87bc4fa9ea98dc650c5c72c78ca5569c72c86591b5e26c61ef3b6ee2001b93b0ebf041996a7ff008c5e8eff0036d8fecc8a0d7c957e1ef197503f3eff0065c46a46453d6baf1b46d918082c71f2eae77ddeab5b971b465c8c390969567df85a59159744d32c6d3bee1aedb700ee7a03e6be72d8aa198a6ea996a55eed671dcc53c61eddfd763e68293aa38a589a5671b434c3eaea2cbde9db147569d90e6b5a7bb9cf68706edff8f60b81c72c7435351695d5593c7332385a123ebe4617c4256b6378d83cb48ea0124fd7cab47c0e93c069f95f2e170f4694af1b3a48610d711e9cddf6f82ec4b1b2689f1cac6c91bc16b9ae1b8703e4420c9b2f94e0fe3b092e4595349dae58cbd95e082074b21dba34300dc13f11d3cd5f741fb33f4ad09e96159838acb3c7f61631acf0f9bd43401b91b1edbf55e14f41693a579b72ae9dc5c565aee66bdb59bee9f5036d81fa9599051f8dbfc14ea4ff0026ff00ee6ae33f56c3a3f853a32ddfc6497b1962953af6a46f56c0c744df79cdd8f30efd3ccec3cd6957a9d6bf524ab7abc366b4a3964866607b1e3d0b4f42bf1b4aab68b6936b4029363110ae231e18601b06f2f6db6e9b764184f13e9f0b25d25732786b588ad986c665a4ec5ce1b2997bb4786c3ebb6fb8e9f05afe819323368ac1c99be7f949d52333f8836717728f9df1f5f8af1a1a134a63ef36e52d3d8b86cb0f33246566eec3eade9d3ec56541987e123fc12653fc6c1ff7ad5f1c64c64f370f71f9cc70fca5807c391848fa2d039c7d5b753fcd5a464b1f4b2951f57274ebdcaaf20ba1b113646120ee376b811dd7b490452577579228df039858e8dcd05a5a46db11db6dba6c832be0709750ddd47aeae44e8e4cc59f06ab1c7731d78ba01fa7a1f8b13803f375b7ff00982c7f72d46853ab8fa91d5a15a1ab5631b3218630c63077e8d1d02f3c7e368e37c7f93a956a9e3c86597c089b1f88f3ddced87527d4f54193f0068d5f95f5de43c067b61cccd078db7bdc81c5dca3d06e77fd1e8a3e583b84dc461968816e8ed432865b60f9b4ec793c0f207a9fab9bd02d831f8ca18e339c7d2ab50cf21966f0226c7e23cf773b61d4fc4f55fb92c7d2ca547d4c9d4af72abc82e86c44d918ed8ee376b811dd0496b9af6873087348dc1077042a171335a5fd1590c15b929c7269c9e630e42c8639d241bfcd2363b01d77ec7e691dc857aaf0455a08e0ad13218236863238da1ad634740001d001e8bf2cd786d57920b514734120e57c723439ae1e841e8420cb78a7c43d2b6340e56950cad3c9ddc8d7756af5aabc4af73de36692d1db6277ebe9eab81ae74be4e8706348492d67d8b7a7e4af72d561d5de18079dbfe8ee37f802b55c4e8ad3388ba2e633038dab687cd963aed0e6fd476e9f62b09ea363d905199c57d14ec2fca5f2fd36c7c9ce602ffdfc74f9be1fcedfcbb2a4f0e74cdfccf0cf5acaf81d4cea59ecd8a5049d0b5af07909f404fdc01f35a51d05a4ce43db4e9cc51b5cdcfcfecccf9debb6db6ff15650361b0e810645c23d7da768689a386cd642b61f298b61ab66b5d7885c1cd27a8e6db7dfbf4ebbeebc3475a66b2e375fd4f856bdd82a18ff0093fdacb4b5b625e6dfdddfb81b9fd03d42d1b37a3b4e672d0b397c263ee59036f16585a5e47a13dcaeb50a5571f523ab42bc35ab443959142c0c6347c00e81057f0bae70b98d5d93d374a598e4f1ed2e983a32187621aee53e7b17007ebe9baace0789d1d6d559dc0eb97d3c35bab3ef4e47931c53c07e6bb99c76dfcfcbbede456855f1742b642cdeaf4ab4576c8026b0c89ad92503b73380dcfdaa2e7b4e61b50318ccde2e9de11fcc33c41c5bf513d420cab2f96a5ae38d5a4c69795b721c23669ef5d87ac6d6b80d99cde7d46dd3e97c0aeb7e13171d578596626123daacc309dbcc7373ff00f62d170b85c660eafb361e855a3013b9657883013ea76ee57a653178fcb576c195a356f40d7891b1d985b2b4386fb38070237ea7afc507a63ebb69d0ad5a31b32189b1b47a0000fee521110111101111011110111101111017dc2de695a3ed5f0a55566c0b8f9f641ee88880888808888088880888808888088883f2463646398f01cd70d883e61523358b7d098b9a0ba071f75de9f02af0be658d9346e8e568731dd082a33b53b328d7dbc4f0aa394fe746ce9b53558ab3d19ba0241dc1d88561c9e9d7b099289e76f7f0c9ea3eaf55c19629217964ac731e3c9c362bcff57a1bfa3ab6dda71f3e9ea9db57e8bb19a652e2cb5e89a036cbf61d81ebfd692e5ef48087597807e8f4fea505159e37518dbde558facabdcdbce76c7a04971249249ee4a2fb8a292678644c73de7c9a372bbd8cd3af79125e3c8defe183d4fd7e8afd2e86feb2adb6a9cfcfa7aa976f516a3354a061716fbf302e05b034fbcef5f805768d8d8d8d63006b5a360079048a36431b6389a1ac6f4002fa5e81d97d994682de238d53ce7f3a20b53a9aafd59e82222936b046e363d9429a22c774f9a54d42011b1ea1073914892b91d59d7e0bc0820ec41083f11110111101111011110111101111011110111101111011110111101111011110111101111011110111101111011110111101111011110111101111011110111101111011110117e8049d80257bc75c9eafe9f041e70c664775f9a3ba9a06c361d900006c3a044044440444404444044440444404444044440444405f12c51ccde5958d78f470dd7da2a4c4551892271c9cf7e1b1ef3b9acd1f5123fa8a330d8f61dc5669fac93fd6574116b781d3673ddd39fa432f7d7396e9f57c450c70b796263583d1a365f688b6622298c4314ce78c8888aa0888808888084023a8051107c18987f8a17e7811fd1fbcae0e8fd46ecf4999867aa2ad9c6de929bd81fcdcc06dcafec3a1dcf4f82e7e99d730e775ae7300cade1fc9fbf87373efe372bb964e9b74d9c40ee505bbc08fe8fde53c08fe8fde570a0d44eb1aeece9e86a874556936d4d679fe6bdced9b1f2ede9d77dd585079f811fd1fbca7811fd1fbcaf4555d679ab98acae98829bd8d8efe40579c39a0eece527a7a764166f023fa3f794f023fa3f795e8a83f8e19dcd5cb834760ebddc75490c2ebb6acf84d99edf9c231b7503e976417af023fa3f794f023fa3f795c1d1daa23d434ad19eb498fc8d190c3769cae05d0bfbf7f3691d41f355766bcd417b1b3e770fa6a3b1a7622f735f25ae49e68d848748d66dd0743d0f53b20d1bc08fe8fde53c08fe8fde547c3646be5f134f234dc5d5ad44d9a3246c76237ebf155bd53aa3294352d4c26070f164edcd55d6de24b4210c60706f983bf5282d9e047f47ef29e047f47ef2b89a6721a82ecd3b73f8383191b5a0c6e8ee09f9cf98d801b287c47d675f45e0db71f0fb55b95fc90560ee52fdbab893b1d801b9276f4f54167f023fa3f794f023fa3f795e78db26e63aada2de433c4c93977df6e600edf7a9083cfc08fe8fde53c08fe8fde57a2f89e56410c92cae0c8e369739c7b0006e4a0fcf023fa3f794f023fa3f79557d07ac06aa6dd12537539a02c736373b98be278dd8fec3bec575ee373073f41d524a830e18ff6a6bc1f14bb6f7797cbbedf7fc166aec556eb9b75f098ff00d594dc8aa98aa9e30e8f811fd1fbca7811fd1fbcaf45cb8f355dfa925c208e5f6a8eb0b45e40e4e52ee5db7df7df7f82c74d335671d174cc473743c08fe8fde53c08fe8fde57a2e4eaebd3e334c652ed421b62bd77c91923701c06e3a2514cd754531d499c4665d2f023fa3f794f023fa3f7951b07624b984c7d99c832cd5e391e40db7716827fad573506b56e1b5b633073540e82dc6c7bacf3ede1973dcc008dbb6ed1d77f35928b15dcaa68a633319fb2daae534c4552b67811fd1fbca7811fd1fbcaf9bb662a54e7b561dcb0c11ba47bbd1a06e7fa95071dc44b1774664f3cdc4069a533633078c77730f2fbdbf2fa3b7ede4ab6b4f72ec6688e1988f39e4a57769a2712d03c08fe8fde53c08fe8fde572f526762c3699b3980d133238c3e366fb7885c4068dfe2485f3a7f3f0e5b4b419a737c18df0ba4919befc85bb870dfe04156f735ecef31c338f35dbe9ddb73c79bade047f47ef29e047f47ef2b97a432f2e7b4ed3c9cf585575905c220fe6d9bcc403bec3b81bfdabb0acae89a2a9a6ae70ad33154661e7e047f47ef29e047f47ef2bd115aabcfc08fe8fde53c08fe8fde57a220f3f023fa3f794f023fa3f795e8883cfc08fe8fde53c08fe8fde57a220f3f023fa3f794f023fa3f795e8883cfc08fe8fde53c08fe8fde57a220f3f023fa3f794f023fa3f795e8883cfc08fe8fde53c08fe8fde57a220f3f023fa3f794f023fa3f795e8883cfc08fe8fde53c08fe8fde57a220f3f023fa3f794f023fa3f795e8883cfc08fe8fde57e88983f8a17da200000e8004444044440444404444044440444404444044440444404444044440444404444044440444404444044441995bc847a4788baa2cca36ad7b10dc9807b3a48376168f89041fb571f0d8d934c55e1ee6a7244f6667d7bee23ab8dbddede6fe6bb60ad1c52d0f3eb1930eea962283d9a52cb25ee734bebbf979da360773ee8d81d87c57735de01fa87495cc5d47c7059706babc8e2408e463839a770090371e41067f16666c669ce226b3ac07b4cf74d6aaf237f72222163bf4b89fb17167c761fe4474f5b13ad0ea91173b72a6ad9f11d3edbee7aedca4f4db6edfa569b89d190c5c368b4b645cd787d631cf24477fdf1c4b9ce6923aecf3b8dc792e4b28710db8c6e19b6b0ad8dac10fcac1d278dc9db9bc3db6f136f8edba0e53e7bfacf2fa674fe70daa70bb13f29e4a067342f9dfcc230c77620736e48f8fd4bcb53692a7a6b5568c7615f3c18e9728d6be93a57491b64e53b3dbcc4969db981d8ec7a7a2b5ea5d339375ec4e674f5c87e5ac7c26b3fdb77e4b711db76bcb7a83b8dc11e6572ede9bd599ed4181cae6a7c5d58b1b6c4a29577bdc0b763cce2e23abf7d801d001bf5ea82f59c74acc2e41f5f7f19b5e42cdbbf3729dbef55be0fb21670d3002b81c86bf31dbe91712efbf757159d53c06abd25259a7a48e2ae612595d2c105e73d8fa85c772d05a3de66e49f5feb21f54a482af1735448e2d6d4f926096d9f20e693b13fe86eaa587abad1fa0ad45a663a6cd33336534e3b2e3eddecce2490d23dcdc8276e6ebd7ea5a0e96d22fa54331267acb6ee5b35bfb7cd18e5672f296b63679f2b41206eb85430daff000d86180c658c1cd4a26986be426323658e2f2dd806c5c076f2e837dd074f1584c3eaad13a60e32d5fad8da6629ebf852f23c967bbcafe877ebbefb79f629a834a672f6b9199c56661c6c0ea0293de2012ccd0242fd9a1deef527a93d46dd97b57d3798c0697c0e1f4a5eab18a72b7daa4b51efe2c649749ca363b12e24edf784d4385d4157531cf696b15257cd0082d51bae708de1a7dd7b08f9ae1dbd1046d399acae27565ed37a9efc579b1d2f946b640c6d889883b95cd900e9b83e63c86ea8f9cc9d0d4b80d57a9aedeaa1efa92d3c4d47ccd1247083ef3f937dc39e47a6fb74ec5681a734c6426cd6433bab9d4e7bf6eb7b0b6ad704c30d7df72cdddd5c5c7a9fb7d579ea8e1ce0afe9ec855c46171157212c2e6413181ace47791dc0247d882c5a4ecc16b4de35f5678a6636bc6c2e8de1c038306e3a79aaff001575265b4d622ad8c3d66c8659792495ec2f118dba0d87afafc158b4ce1eb60b0b5a8d4af04018c6f88206f2b5cfd8073bb0ee4775d4596cd74dbae2aaa9dd11d16574cd54cc44e1ced3972ce430342ddfafecd6a685af922d88e5247a1ea3ea2ab5c5ccab31fa51d50ced824c94ada9e21ecc638fbee3f0e5dc7daaecab77b036321ad69652dba0763a8d67b6087725de33cece711b6db72f4eeb2e9eba22f77957088e38fea16dc8aa68db1ce7829b1ea1c054d75a7a5c0df865af357f92e78d9b8e568dbc23d47af4dfd15973b23dbc4bd2f1b5ee0c757b45cd07a1f74770ba1acb4e479cd3b6a9556c305b76cf825db9792469041dc0dc76dbed5e53617216b5369ecb587d606956963b2d6b9def3ded03dce9d46e0f7d96c77d6abc571c2715471e33ca71d3e78f262d95c663e713f7e2ab686d395b393e52fe5e6b367d972d30ab0999cd6445af0ee6d81ea493e7e402fc6e96c64fc56bb048db1e1fb0b6df4b0f07c432f5ebbf6f876570d1985b184a9918adbe17bac5f9ad33c22480d790403b81d7a2859ac2e663d5d1673032507192a8a9621b7cc07287f30734b7cfe0aff153376b88af113188f8745bdcc4514e69e39e2a7ddbb4b3fa9f3675163f3591a74ac9a95ab53865742ce4e8e738b08ddc4faf97d8bf2b4b6a1d35ad28475b2b1e1194ccb4be5085ec747bb4f3b017771bf656cb386ce61b397efe993467ad9070967a96dce6724bb6c5ec70f5f3057dbb079dbfa6b395f2d7abc990c946e647130910571cbb0683b6ff001276593c451111898dbeef0cf2c633c31c279e67aadeeeacce79f1fccbb9a5bfe0ce23fc8e1fec0544d698839cd7d7e8b3a4cfd3bcf091d0891b6799a77f2ea02d0b0d55f470f46a4a5a648208e2716f625ad00edf0e8b97f22d8fc7ff009739e1f64f933d8b9373cfcfe2f3efb6db6db7c77dfc969d8bd16eed75c4fc70cf728dd44532ab66736fd4fa3701420716dbcec8d8270de858d6759cfd9ca47d457b692c6457a96b8c606b590cb7e7aed1e4d063007e8e8a7e9ed18fc56b4c9659f346fa4fe775380124c2e908321db6d8751b0d89e87c97534ae16c626de765b2f89cdbd7df6a3f0c92434800076e075e9e5bacf72f5ba28aa8b53c384f9cce7ed18863a68aaaaa26b8f97dbfe546c7dd767f07a1b0926fe219cbadb4f70cabb8d9df590d5f392b6fc369fd6b8087fddbdadadaacedbb2d11b347d5bbd59b4be8e970facf339796689f5ac737b2c6d2498f9ddccfdc11b0ea06db13d17eea2d1d2e535ce23331cb132a57e536627121cf730b9d19036d8f577991d165f1167bcdb9f77f779e7763d3dd59ddd7b73d7979631ff6b562a9b31d8ca94a2ff73af0b226fd4d007f729488a1e6666732dd88c70111151511110111101111011110111101111011110111101111011110111101111011110111101111011110111101111011110111101111011110111101111011110111101111011110111101111011110111101111011110111101111011110111101111011110111101111011110111101111011110111101111011110111101111011110111101111011110111101111011110111101111011110111101111011110111101111011110111101111011110111101111011110111101111011110111101111011110111101111011110111101111011110111101111011110111101111011110111101111011110111101111011110111101111011110111101111011110111101111011110111101111011110111101111011110111101111011110111101111011110111101111011110111101111011110111101111011110111101111011110111101111011110111101111011110111101111011110111101111011110111101111011110111101111011110111101111011110111101111011110111101111011110111101111011110111101111011110111101111011110111101111011110111101111011110111101111011110111101111011110111101111011110111101111011110111101111011110111101111011110111101111011110111101111011110111101111011110111101111011110111101111011110111101111011110111101111011110111101111011110111101111011110111101111011110111101111011110111101111011110111101111011110111101111011110111101111011110111101111011110111101111011110111101111011110111101111011110111101111011110111101111011110111101111017e3dcd630b9ee0d681b924ec005fab31e2e3abb737a706a4160e912e93dafc3e6f0fc6d8787e2f2f5e5df7dbed41a4d6b505a617569e299a0ec4c6f0e00fd8bd55030da4f4fc998c6e7b43ddab4e385c5b65b49de2456a323e638076c083d77f2f4eca7e67585a666ec6234d60e6cddea8d6bad116190450f30dc34bddddc47901fde82e08a9b4f5e4136073b72ce3ec54c8e1585d731f2b873b7dd2e1b38742080762b973f11efb3151e6e2d277e4d3bc81efba6c31af0df3708be716fc7a6e3af641a328795c9d3c4d4f69c8d8657839db1f3bb7db99c7603ed2b95a8f55d1c2e12a640325b8ebae6329d7ae377d87bc6ed0d1f575dd677c4cd4994b3a721a39fd39630f258b95cd793da19623791234969737e6bb6dcec7bec7aa0d95155b52eac7e3b2d0e1f0f8b9b3199922f1cd78e46c4d8a3df6e67bddd1bb9edffa2f8d3bac1d90bd771796c5cf89cd5587da1d52491b20922edcec7b7a386fd0a0b622a2e91d796f55494a5c669cb7f254a4b67bd2ccd6b627007a35bddfd76048db627e0ae392bd5f1b8fb176ec822ad5e332c8f3fc5681b941ef23db146e9243cac682e71f40147c65fab94a10ddc7ccd9eacc39a391bd9c3b2a1d8d75939f0d3e467d257e0d3f2c2e2dba6763a46b08e923a11ef06f993b9e9d578e8ad47574d708f4e58b31cd62699820af5a06f3493c8e73b66b420d31151e0d6f7e9dfa706aad37630b5eec82182d7b4b2c47e21ecd796fcc27ff003e6a7ea5d58fc765a1c3e1f17366333245e39af1c8d89b147bedccf7bba3773dbff441694550c1eb5659b390a39ec74d85c9d1ae6dcb5e591b2b5d08ef231ede8e03cd72e3e21649d422cc3b48df1a764d9cdb8db0c74bc84ec1fe08ebb7da834345f8c707b1ae69ddae1b82a8f735d5a7ea0cae0f09a7ed64f2541cd0f0276451f296877317bba37bec0752763e882f28ab7a3b553350d7bedb34e5c66431f2f8572acce0e311db70798742d237ebf05c48f5ee4f22c92e69dd27772786639cd173da19119434ec4c71bbabc74e9db7417f459eeb1d5afbfc30b598d3505a9d962091ae9239045253d9aee673baefbb48db61d7d176b87794c8e534dd37e531b629bd95e10c96699b21b20b07bfd0ee37efd7af54168455ed5fa99ba7c51820a53643277e43155a913834c840dc92e3d1a00ee7e2a3e9cd4f7af6624c56730563117c45e3c7fbeb678a466fb1da468037f81416945c4d27a823d454add88a07c02bdb96a16b9dbee587627ed5ceafad209b4dea0cc0a7208f113d881f1f38de4317720f96e82d88b3e66bfc9dac7b72b8bd237ede17939dd67c76324200f78b223ef3c0ebd7a6ea7e738838bc660b0d988d935ba19395b146e846ee6eed27e6f72776edb7aa0b922a23b5d6431d66b3f52e98b789c5d991b14775d6639430bbe6f8ad6f5603ebb9d974b536ad76372d0e1f118b9f3199963f1bd9a291b1b638f7db99ef7746827b7fe882d28aaba6b56bf2397970d99c5cf87ccb22f1db5e591b2b258f7db999237a3b63dfff005db998dd7f6f31939e9e134ddbb82a5c755b7399d91c7080fe5e604fce3b02ee51e5b7aa0bea2ca1ba9b50338b576bb309909a06d16b05416d8181be291ed1b13b751d36f9cb57404542c6ebfb798c9cf4f09a6eddc152e3aadb9ccec8e38407f2f3027e71d817728f2dbd57b59d6d90b57ee41a574dcf9a8294861b167da995e3f107ce6b39be791e7d905dd15267e22e3e3d173ea115a70cad6055b3564f764824e70d735ddfb6e0fd4a35ad7d91a75c64ede93c845a77a38dd3330cad61ecf7403de0df3efbec82e73e4e9d7c955c7cd618cbb69af74311df77868ddc47d4be68e5b1f7aedda74edc335aa6e0db1131dbba227b03fa0fe854dce4d159e2a6889ebbdb2432d4b8f63da770e69634823ec5d2c5e6f0d5f2faba4f628683b1ae8dd7ad868067fdecb838ec373b0dc75dfba0b722cf1fc41ca4743e589347e41ba7797c4f6cf688fc5117fca187bedb75efdbaaea66b5ab61b38da5a7b1d266f2190afed90c71cad89820e9efb9eeec0efd3a20b7a2aee94d473e627bb4f2589b38ac9532df16091c24610e1b873241d1c3a7d8ac48088880888808888088880888808888088880888808888088880888808888088880888808888088880888808888088880888808888088880aaba9b55d6c1ea1c7637335d9162b211bda2fcaff00dedb28ff00e1b811b0047993f67756a51f2146a646abeb642b436abbfe7453303da7ec28329d4b5f4fe3357e9bb1a264ab0e72cdf8e39ebe3de3925ac77f10c8c69e5000ebbedf1f2e91f0b8c8d9ad756d1c96a7c9e12e4979d7228e1b11c4c9e178ddae1ced3cc4750763d360b50c369bc2e11ef7e23154a9c8f1b39f0c2d6b88f4dfbedf05f79ac062738d8c6631b52ef87f30cf10716fd44f50832eb1430e34df102fe2b3193cc59f61755b36ad398f8dc5b192031cd680e201d8fa2b665401c13b000000c01d87ff00e3ab5c189c7418c38e86855663cb4b0d66c4d11969ee0b76d8eebd9f4eb3e91a6faf0ba998fc23016031966db72f2f6db6e9b764195642566371dc2bcddd3cb8ba50b62b3211eec665acd6b1eef4008efe5ba95c67d41899b4e53a35edd7b56ec5caef632178796343c12f3b761e5bff00d25a53a8d47d0f6175580d2e4117b398c787c806c1bcbdb6dbc97329693d3d4a1962ab84c6c71ca439ed1599b3883b8dfa791ea3d1067b96a0c8f8bb97192cf64308dc8d5824a72d799913660c6f2bd85ce691b83d401ea5743058dc31d61766aba872d9aca51c7b98f9279239618d8f27dc2e6b47bdb8df6dd5ff002f88c7666b0af96a35ae420f3064f187807d46fd8a62b0f8ec4543571746b54aee3bba38630d0e3ea76eff006a0abf05801c30c08000fdede7ff00a8e5238b742ce4b8739cad45ae7ce610f0d68dcb835ed7380f5dc34ab452a95a8d58eb51af0d6ad18d99142c0c63477e80740bd90536deb3d3d268893211deaafaf2d52d6576bc17b9c5bb08833bf36fd36540c4c8dc6e98e17672eee31545f34765fb6ed8cca0b58f77a007cfe2b588b4ae021c93b21161b1ecba492666d76876e7b9df6eff00153e3c7528b1fec11d3acca21a59eccd89a23e53e5cbb6db7c1067fc5ecad0cbe95660f1772bdbcae52c411d48e0903dc0891ae2fe9d9a034f55cccad0647c5dcb8c967b21846e46ac12539abccc89b3063795ec2e7348dc1ea00f52b46c4699c1e1ac3e7c56268d399c3632430b5aedbd3703b7c149cbe231d99ac2be5a8d6b9083cc193c61e01f51bf62833cc4e3f00cd5591b273998d43728635edb02473278c44edf78f76346ee3b13cbbae3c93d4c0e8e767744eb3961a3147e2c58bbcf64ecf5f0403efb0f96c0efbfe95ae623138fc3d6f67c552af4e02798b208c3013ea76ee540fc51d3bf297ca1f2263bdb39b9fc6f676f3737d2eddfe3dd074b13664bb8aa56a784c12cf0b257c47bb0b9a096fd9beca99a140fdd075f9dbafb4d5ebffe8abeaf082955af62c4f5eb4314f60874d23230d74a40d81711d4ec3a75419be3ea4d7b55f15e9d53b4f620ad14677db673ab380fbcae970e753e161d038d658bf569cb8facdaf6e19e411be2918395dccd3d46e413f6abb414aac16ac5982b411d9b3ca66959180f97946cde623a9d8741bf65ccc8694d3f91bdedb7f0b8fb16f704cb2576b9c7eb3b75fb50675858259f845adef47148daf949efdea8c2d20f82e1eef4f8f293f6abee80c8d2c8691c47b0db82c18a9c0d9046f0e2c3c806ce03b1e87a1f45610c686060680c0360d03a6de8a162f118dc489862e854a626773482bc4d8f9cfa9d8754158e24b7013bf0b5b5059b542696777b1642bbfc235e50df393b3771d3af7fb375cbc0e57238bd7b4b01f8c0dd4342dd6926739cd678d50b36d8b9ccee1ddbaf9fdfa0646854c9547d5c85686d567fce8a6607b4fd8545c2e0313836c830f8da94bc4f9e608834bbeb23a94147e17e671d8ca3a929e4af56a966ae5ed3e58e79030b5a5db8775f23eab83a7ecc777843afed43bf853dcc84ace61b1d9cd046e3ed5a8e434c60b23906debf88a166e376da69606b9dd3b6e48ebb7c543d5f856cba2b3f430d4a1658bb04c4470b1b1f8b2bdbd49ec3989ee4a0e668fd61a7e3d038eb52646ad78aa538e39a27c81af89cc60059cbdf7dc741b75e9b7759cb9e307a07415eca40e8ab0ce7b6f845bb98a273a4783b7c1a7996a788d1d867e3b153e5709424c9c356164924b031ce0f6b00ea7cc823baf2d7d88b994bda59d4abf8d1d4cac73d8ea006461ae049dcf5efd820e47167398bc8684b38ec7dbad7eee50c705382091b23a5717b482003d86dbeebcf13660d39c54cc479bb0c87e54a554d39e6772b1fe134b1ec0e3d37dfaecae58dd2f82c65e75cc761e855b4edff007d8a06b5c37efb103a7d8a5e5b138fcc56f67cad2ad7200770c9e30f00fa8dfb14147c85cad9de2e69c6e1e68ec8c457b52de96177335a246863185c3a6fb8df652383e00c66a120004e72e13f1f782b7e23118ec35635f1346b53849dcb208c3013ea76ee57bd3a55693246d3ad0d76c92195e228c3039e7bb8eddc9f32828335ea98de36d87e42cc35593e118d89d33c31af2263b804f4dfe0b455072787c6e55d0bb278fa971d09e68ccf0b5e587d46e3a29c8285c1f006335090002739709f8fbc15378798a822c5ddc7e475865b0f92a16a6659a8cb5144d1ef122401cc24b5c083befeab68a74aad2648da75a1aed92432bc45186073cf771dbb93e6573f31a6707999d93e571346e4cd1b092685ae76de9beddbe08322d4753135f8519fbf86b991ca416f2713e59ae72933bdb2b038b0868dda76efe6afdaab58e9f9341e42e4791ab3c56aa3e38a26c80be4739a40672f7df73b11e5d775e9c4cc1d8c8e877e33074dae91b34063822e5606b5b2349dbb00000bb2cd2d818f29f29330d8f6dfe6e7f1c40de7e6fa5beddfe3dd067d88a5631daa38634ee82db30e2ac32469eed2226fbbf676fb173f3f42d64e0e2d55a2d73ec3a4aaf6b5bd4b8358d7103d770d216c72d2ab2dc86dcb5a17da8039b14ce8c17c61ddc35ddc6fe7b2414aad7b1627af5a18a7b043a6919186ba5206c0b88ea761d3aa0c95d1e065d1df28cfc40ce1c7495b67c02dc25c416ec62e4e4df9bcb653af62b4c413699c4bf2795c3e4e1a1cd43206410bdd1efd627b88e52eebb9691fd7d6f034969e192f9406131dedbcdcfe37b3b79b9be976eff1eea6e5f118eccd615f2d46b5c841e60c9e30f00fa8dfb1414dd0d99c8fe386574fdacbc59da956b32c32f318d6ba27176de13cb7dd276ebebd3f4680a0e23118ec35635f1346b53849e62c8230c04fa9dbb953901111011110111101111011110111101111011110111101111011110111101111011110111101111011110111101111011110111101111011110111101111011110111101111011110111101111011110111101111011110111101111011110111101111011110111101111011110111101111011110111101111011110111101111011110111101111011110111101111011110111101111011110111101111011110111101111011110111101111011110111101111011110111101111011110111101111011110111101111011110111101111011110111101111011110111101111011110111101111011110111101111011110111101111011110111101111011110111101111011110111101111011110111101111011110111101111011110111101111011110111101111011110111101111011110111101111011110111101111011110111101111011110111101111011110111101178deb50d1a53dbb4f11d7818e924791becd03725518f16b4b83feed6cfff00a0505fd1503f75ad2fff002b6fff009053f75ad2ff00f2b6ff00f90505fd15734b6b3c3ea79e78715348e9a1687b992465a7977db71f6ab1a02222022220222c6bf751cb7e3e7c9dec90fc9fed9ecbe0f21f176e7e5df7dfe779eddbcbe2836544440444404444044440444404444044440444404594ea3d6b9ed25ae5eccd4626d3f60fef0238c0d99d3ab5ddcb879827f46e0ad3b1d7ab64a943728ccc9eb4cde6648c3d08ff00cf920908b81acf54d1d2b8b36aebb9e67ee20aed3ef4aefee1ea7cbf4055fe156675267d97b239b118c74a47b2811866c773bf2edd4b7cb73bf51f5a0bfa222022220222202222022220222202222022220222202222022220222202e46aacfd4d35859b237b72c66cd646df9d23cf668ffcf60575d643f84478dec184e5ff00ddfc5979ff009db3797eee64151ca7167535bb0e7d39e0a316feec71c2d7ec3e25e0eff7285fba76afff009dff00ecd0fec2a6220b9fee9dabff00e77ffb343fb09fba76afff009dff00ecd0fec2a6220b9fee9dabff00e77ffb343fb0a6e2f8b3a9aa586bee4d05e8b7f7a39216b371f02c036fbd67e883fad74ae7ea6a5c2c391a3b863f76be377ce8de3bb4ff00e7b10baeb21fc1e3c6f93f35cdbfb3f8b1727f3b67737ddcab5e40444404444044440444404444044441172990ab8aa135dc84cd86b42de67bddfd5f13f0552d07a8f33a9f277afbaa32b69ddb92af883f7c7b81f9dbf9f9efe43a01d8aa9f153dabf1bf19f8cfe2fe29788397d9b7db9b6ebcff001dff00577dbaeeb5bc7fb2fb0d7f93fc2f64f0dbe0f85b72726dd36dba6db209088880888808888088880888822662c414f1376cdc8ccb5a285ef9630ce6e66069246de7b858c1d6ba077ff823ff00678bfdab7250ce2b1e492685424fff00d96ffb10633f8eba07f923ff00d08bfda9f8eba07f923ffd08bfdaaf9ad73789d2d67130cb85af60df94b376b18de400b413dba9f7874e9f5ab57c958eff00f90a9ffc96ff00b10537869a834e65eddc874fe1ce3a66303e43e0b1bceddf6db769f5f22afcbcabd682b348ad045083d488d81bbfe85ea8088880ab3af2bea4b18fac349d88a0b2c979e42f201737620346e083d4f9fa05664418e5ad4dc49c1c324d93c4d79a089a5cf94c61c0347724c6ee8aadfba53fe56f94ff001770bf2877f1fc2773efebbefdfe3dd6dbc40ff8119cff002393fb257f2920da6aea6e24e7218e6c6626bc304ad0e64ad8c34169ec7791db157dd075f5257c7d81ab278a7b2f979e32c2096b7600b4ec001d4797a95efc3fff0081183ff238ff00b2177d01111011110111101111011110111101111073351e0e8ea1c54b4325173c2fea1c3e731de4e69f22162b5b219ce13e6e6a5663377153eee8c13cac93d1cd3d795ddb71ff00815bea8795c5d1cbd6f67c9d486d43bf306caddc03ea3d0a0c674869ac8f10734ed43aa1cff9383bf7b8fab44a01e8c60f260f33e7d7cf723708636431322858d8e3600d6b1a360d03b0017e43147044c8a16363898d0d6b1a360d03b0017da02222022220222202222022220222202222022220222202222022220222202e46abc054d4b859b1d7b70c7ece648df9d1bc7670ff00cf62575d107f39e5384da9aa587329c105e8b7f7648e66b371f10f236fbd42fdcc757ffcd1ff006987f6d7f4ca20fe66fdcc757ffcd1ff006987f6d3f731d5ff00f347fda61fdb5fd32883f99bf731d5ff00f347fda61fdb53717c26d4d6ec359720828c5bfbd249335fb0f80613bfdcbfa31107234a602a69ac2c38ea3b9633773e477ce91e7bb8ff00e7b00bae88808888088880888808888088880888822e571d572b426a59085b35699bcaf63bfafe07e2aa5a0f4e6674c64ef5075b659d3bb73d5f10fef8c713f376f2f3dfc8f423b9577440444404444044440444404444059571169e7b4dea23ab70b625b15486b6cd67125ac68006c47d03b6fbf707aad557e3dad7b1cc7b439ae1b1046e084184711f53d0d4edd237693f95cd9a51342e3ef44ede2e87e1e87cff004aec6b1d577f5865bf1634692e85c76b36da760e03bfbde4c1e67f8dd87c61eb5e12da9330d9b4cb6214e777bf148f0d101f323d5bf01d42d2f45695a3a53142b541cf3bf633d823de95dfdc0790ff00c4a0e869dc69c3e12963dd624b2eaf1861964eeeff00c3d07a2e8a2202222022220e07103fe04673fc8e4fec95857e2950fdcb7f197c5b5edde2f2787ccdf0f6f1397b72efdbe2b7ed59466c9e99c9d1aa1a67b15df1b038ec372361d551bf1332ff00b92fe2ff00243f28f8bcfcbe20e5dbc5e6eff520b870ff00fe0460ff00c8e3fec85df5c9d27466c6699c651b41a27af5d91bc34ee370363d57590111101111011110111101111011110111101111011110111101111011110111101111011110111101111011110111101111011110111101111011110111101111011110111101111011110111101111011110111101111011110111101111011110111101111011110111101111011110111101111011110111101111011110111101111011110111101111011110111101111011110111101111011110111101111011110111101111011110111101111011110111101111011110111101111011110111101111011110111101111011110111101111011110111101111011110111107fffd9);
INSERT INTO `payment` (`Payment_ID`, `Transaction_Number`, `Account_No`, `Date`, `Amount`, `Payment_Method`, `Payers_Name`, `Proof`) VALUES
('PID/2', 'CI220427.0802.G06281', 'ACC006', '2022-05-07', 2000, 'Mobile', 'Elvis', 0xffd8ffe000104a46494600010100000100010000ffe202284943435f50524f46494c450001010000021800000000021000006d6e74725247422058595a2000000000000000000000000061637370000000000000000000000000000000000000000000000000000000010000f6d6000100000000d32d0000000000000000000000000000000000000000000000000000000000000000000000000000000000000000000000000000000964657363000000f0000000747258595a00000164000000146758595a00000178000000146258595a0000018c0000001472545243000001a00000002867545243000001a00000002862545243000001a00000002877747074000001c80000001463707274000001dc0000003c6d6c756300000000000000010000000c656e5553000000580000001c0073005200470042000000000000000000000000000000000000000000000000000000000000000000000000000000000000000000000000000000000000000000000000000000000000000000000000000000000000000058595a200000000000006fa3000038f60000039158595a2000000000000062940000b785000018dc58595a2000000000000024a100000f850000b6d4706172610000000000040000000266660000f2a700000d59000013d000000a5b000000000000000058595a20000000000000f6d6000100000000d32d6d6c756300000000000000010000000c656e5553000000200000001c0047006f006f0067006c006500200049006e0063002e00200032003000310036ffdb004300ffffffffffffffffffffffffffffffffffffffffffffffffffffffffffffffffffffffffffffffffffffffffffffffffffffffffffffffffffffffffffffffffffdb004301ffffffffffffffffffffffffffffffffffffffffffffffffffffffffffffffffffffffffffffffffffffffffffffffffffffffffffffffffffffffffffffffffffc0001108020c02d003012200021101031101ffc40017000101010100000000000000000000000000010203ffc4002c100101000103020504030003010100000000011102213141511261718191223242b1a1c1f05262f1e1d1ffc400160101010100000000000000000000000000000102ffc400161101010100000000000000000000000000000111ffda000c03010002110311003f00e800000098501306144c8261414000000000000000000000000000000000000000000000000000000000000000000000000000000000000000000000000000000000000000000000000000000000000000000000000000000000000000000000000000000000000000000000000000000000000000000000000000000000000000000000000000000000000000000000000000000000000000000000000000000000000000000000000000000000000000000000000000000000000000000000000000000000000000000000000000000000000000000000000000000000000000000000000000000000000000000000000000000000000000000000000000000000000000000000000000000000000000000000000000000000000000000000000671abbcf849e2b339fe1a4d3c02ab177d58f2dd718989b02ab1e1d3efeab2e74fc834312666e4dad9d3906c73dadbe2efb35263aec0d332ef6766989f76af6037b6c9783ea9da93eed5ecd824b9995634f5f568144931140000000000000000000000000000000000000000000000000000000000000000000000000000000000000000000000000000000000001134f0d2033f95f45d5c7befe8a033f4e3a7f669fb7e5ac49d004d3f6cf7fd9f95f4501332f38dbba4fbb6e31fcb589798700ac4fbb57b3680ce64d573e4b754e9bae2769f0627604d33137e6eeaa024b9e1514000000000000000000000000000000000000000000000000000000000000000000000000000000000000000000000000000000000000019b7a4e6a63577fe01b19973b5e616dce273fa068631abbff0b2e76bcc06866db6e26d8e6a66cb25de506c66db9c44df4f37301b12dc4671abbe3cb00d8ccb9daf31414625b6f96365b78939a0d0c5f14df395dee31700d0c5f14ebfc35338df90519b6e713def64faa6f9cf706c4ced967eabbe71e40d8ccb989bdb7178a0d8cccf5ad0031e2ceac746c019d57116dc4051996db729bdb71712036332d97177ed5a0063c59d58e8d5b8990518faaef9c792cb738bcfec1a19b9b7136f34cd964bbca0d8000cdb65f2bfc55b713f40a24ce37e54000000000000000000000000000000000000000000000000000000000000000189f75f66d8bb5cf4bcae67780ace9ebeab2db9bd3a27db6f6bfc506d8fca79c5f14ef126f73ed01b62efaa4edbd2eae93e565d336c834c6adf13e7d16eac6dd52593aefd68179d3eadb3aba59d373c53b827e5ecb77be1f9f449bdb7da1e1bbefcf901f97b36e78be2e7a72d5b8035718eb55998e6ddda0679d5e53f6db1a7adf36b3338ec0ce9e757ab4cfdb6f6bfb5baa636de824fb77f325d58da67b5ff00e167d3859aa639034f1fbf549356fd37c9a7adef7659abbed4096e717da9aaf49cdfd273aa6388be1df3904c62e99eadb9d97337efbb76e26e09ab856757dbf0d0333eed5ecdb13eed5ec5d59db38ef7ff00c039d59e93f6baaf49cdfd12ce253c3be72098c5d33d4d5c4f54b2e66fdf76acccf30698bf769f759aa7a273ab3d2034cf36676ecb9c5c5f64b73893b83625b2593ba82599986666ddff001dbddb634fe5ea07371d2166379b60e355cf14b663137b40d5c4be8db167d3e985f14ee069e3dda634f1eed80000000000000000000000000000000000000000000000000000000000989da2802280989da280262769f062769f0a026276862769f0a00989da2800008625e8a0262769f028082808624e8a00989da2802625e62808a0082808a00862769f0a0262769f0a008a00989d850131931270a0228008a021893a2802627650114000000000000000000000000000000000000000000000000000000000019fcafa34c633abdb72cc6f01b44b33d71dd2c98db99e60d8c5df4e7af2d676cf902a33c69cf5bfd98d3d6e6fa83631a6f3339c70d028e73179e7cda931d76e80d0e73177b7d2656625925daff00d8c73ab1e459e1c59dc16dc63cee1a6354e2f7b1a930033a6dbcfb34c4da4bdaff00e8c4b6df2e8baaedebb24db563fea0b9fab1d305b8da7352dc6af634f373c8353ccb71140631ab9cfb6165cc2db389ee93edb8ed7e40cdbc6d3f666cbbef2f55d3c435700b6e2338d5df1e582f3a5b0665ced7985b7389ef7b27e5ec69e757a81f54df39eed676c8c7e1feee0bf55df389d165b2e2fb559c4f467574f506d9b71eb78698fca7a018d5dfdb0b2e7fb6989f76a0336dc4db1cd37d3cdcc34f1eed5e2fa02a5da6534f13d0d5333d0166f32ace9924cf9249e2defb406c63edb31c5db0d800000000000000000000000000000000000000000000000000000000000031f95f45d5c280ceae99e3a97c38db19f268c4ec09389e8cffd7cff008e5b01354cc49e1f2fe1b4c4ed01263a4c7f6a28319d379c67ccd3d64e3a35897a00c4c717199dda98ced27aae25e61c033f95f45d5c7ba80ceae9ead673c070033a77d38f56d0189bd9ff005fdb5f97b280cfe5ecbaa759ccfd2a824b9dcb99360b64e413c531ca69e2f9da674f97c2f8b4f704971b5db05b9da7bae74de7f4674ce3f406a9c59d0f14ee78a77fda674797c0137b6fb43edb7b5fdaf8b4f73c5a7bff00005d531b6f4c7d38ff006533a676f85f14effb04976c5dac3eeb31c4de99d37ff17c5a7fd016d92c9dd9d5b597b73e8be2d3fe878b4f703c53b9a7adeffa4ce8f2f85f14ee093e9b65f585b9da6f6af8b4dffc4ce99c7e81a9b42f17d0965e1419d3659279269b8daed86b13b1897980cddec93a6f5b4c614000000000000000000000000000000000000000000000000000000000000019b6e713dea6f2ccdcca0d8cdb8e39bb27d537ce7c81b133b67c99faaef9c79036332e67ed3c576c719e7b836336de9cd4be29be73dc1b19b7136ebc27d537cfb601b125ccc96e370518faaef9c19b39de7706c6755c4d931abbcf806c665b9c5e4cdb713de834318d5df2d4b9fec14665dececd00896ef277681313b4f8313b4f8666ab9f2b991b04c4ed3e0c4ed3e15896e7178df00d62769f062769f0ac66f8b1d01ac4ed3e0c4ed3e12dde4ee5bbc9dc1713b4f8313b4f8501313b4f8313b4f866db2edd39680c4ed3e0c4ed3e19b6cbe5d5a0313b4f8313b4f849736f9531abbcf805c4ed3e0c4ed3e19fab32673ecb6ef27705566db9927531abbcf806849e6a00000000000000000000000000000000000000000202a650675572650345cab21a3422b48000000000c5daedbdede4736676ede74e355cf5e0d565c49bdc82eae3cf3b7ab36dc6f313ad5d5b597a45b662ee0bb63cb0ccbab1b4cf6bff00c317c2b354c72069e3f7ea9abf1f5869eb7a5a6ae9ea0db16de2cc4eeb6e31dba96cc77c82a6ab89fa33e193292ce6d99fd03526248ceae9ead66633d12ef36f580a9e284d53aed5355ccc4f705d5f6fc278a799abedf86b19980666736f1b6cba7834de979893e9b8bc74a0db13eebe8be29dcd3d6debfa049f76af66d8cc9aae7c97c53b825fbb4fbaeab8897eed3ee5dec9ef40b3e9f4dda9bcca78679fca69eb3b036e7d2dedab2e8c69ebeb416ddb2ce3174fb939f0f6b9f66afdda7dc12fdda7dcbf769f72fdda7dcbce9f706d13c53b9aaedb75049332deeba78c76d8f0cf349f4eaf2bfb03f2f626d7c3f07e5ecb667d670069e757aadb899674ef94ccb77bb4e01a93ade6a5fbb4fbaf8a774bf769f7035733dd737fe3fca5e74fbaf8a770554ccc67a12e7705000000000000000000000000000000000000000656a33540105c1851ac4640451a65610501a40000004e4c49c45010c4ed1401313b450045010c4eca02189da7c280cd99989b4ceed002625e8627650114010501313b45004c4ed3e0c4ed3e14041401140114041404312f4501313b4f8313b28022808a00862769f0a0262769f02809897a189da7c2808280000000000000000000000000000000000000000c80c280034260c35b5100450041a01b400000067365c5e2f05b8e39bc16667e934efbdf480d2b1f75b9e26d82cf0ef3de0363379d3eab78be941463f0f624e2de7606d9fcafa34c599d5edb8363174e379b58bbd9b6d9052f159f0e9f7f55973a7e40d3c4f7fdab3a7eddbcff00678675bbfa83633a7aced70cc99ce78cf00e83136d589c587dd6ce93f906c63c38df4aeabc4e33d41558c69e977f55d373016cccc11357152fdb3db20d8c6274bbfab409aae21a6e66fc9ab84e357acfe41ab71329a6db9cf72ef64f7a69ebeb409739f5336dc4f7ace79939b6b5a718dbdc1a66dbd39ad00c5f14df39eed336de2cc4ee6ab89ebb7b02e6dbb71fb698de4da6dfcae76c816ef89cfe95899c6d3d6d6a5ced76a0d33bdb71b49fcb497ca64125b2e2efda98d5dff849bddf6bd2357699067eace339eedb3a66d9eb77680000000000000000000000000000000000000001116a3355559696000a822b295405890501a400000019d3c3480ccdad97be61aae769be5ac679312700ceae97b55b66395313b033f87b35389e900158ce357b368096cc77ca5db4c9f2d6276019fa71d3fb34fdbf2d624e8031f86dfedd7e9c74feda313b40674f5f534f17d6b4025fba7a54e355cf15a012ea9d37a9ab997a756b12711418fa7cbf86a71c60c4ed1419d5c533893d2280cdf0e3a67a61a9c4c989da2833ab835719edba809a77cdee69ebeb540674f5f53edb9e97f8ad00acdb8c76eaa025b31df2967d33cb0d62765067c53ba49b5f3ce1ac4ed14189663176c137d599c630d625e801999c764f16f65d94c4bc833cea98e9caeae1718005000000000000000000000000000000000000000001144a322e1115440005c00a0b10014000000000000000000000000000000000000000000000000000000000000000000000000000000000000000000000000000000000000000000000000000000000000000000000049739f2a4b9b67605133be14004bd3d41419cde901a125cff00699bce3606812ddf126414499eb305b805000000125c9bfb0282677c02825e014133be01419ced9c03425bb64ced905126f1400000000000000000000000000000000000000000000000000000000000000000000000000000000000000019e2df4cfc1c786fcfb96670b6660274d57fdd936ed73df76b1b613eae36f5039c4bdb34b31663bad9c59cfed316e38d81a49c456716718c7e80eb7d137c6dc7f386a4e73cde537e36f505dac862e739e98316492165ce67c0139c5ed9cb3ce6fc35275be85931c402705b613650485e3d5531b82666663d17acf72ccc3ac04933f2637f65931f262e730139b7393a5e71e6bbf431717cd427112ef7dbfb6931be7c904ce64f3ff5275f55937275f504e713fdb1d2cff6eb26f6966f2a8a0200000000000000000000000000000000000000000000000000000000000000000000000000000000000000000000000000000000000000000000000000000000000000000000000000000000000000000000000000000000000000000000000000000000000000000000000000000000000000000000000000000000000000000000000000000000000000000000000000000000000000000000000000000000000000000000000000000000000000000000000000000000000000000000000000000000000000000000000000000000000000000000000000000000000000000000000000000000000000000000000000000000000000000000000000000000000000000000000000000000000000000000000000000000000000000000000000000000000000000000000000000000000000000000000000000000000000000000000000000000000000000000000000000000000000000000000000000000000000000000000000000000000000000000000000000000000000000000000000337a678068671398b9e9264144cf3e5d133d71b03425a96edbcc700d096f4e692fb505125cf4500673e5b7fba12e240684cf7982de9cd05133df64cf5c6dfee80d0267a49905125cf9267b4cc06866ddb33ff16700a25b825ef300a24b933b5bdb20a339f2d973c5ee0a267bcc16f4e682892f4e2a67b406867373c74ff568019cf68b9ed320a2676ca67cb6ff007406867acf75ccdfcb90519cf5c6dfee8b9edbe414497cb0a000000000000000000000000000000000000000000000000000000000000000000025b8beaa03371998e73d3b1d6ef66eb890c4a09b62ef6ecbf8fb7f4a033ff1bfee0d57669313b0275bbe326d9e6dd9a0134f10bc55013330cf4d35ac4eca0cde31dceb77c65713b2833b679b764e2665f66d313b02a4e6fb280cf5d5edfa2598f469313b0274be79ab388a025c6d9f6a9d719cff004d2624049d7d6a4e2fbb589d8b36a04b30cf127ae5ac4ec5e9ea096edea716f9e1713b2833cd9e59cacebeb54067f2f66801275f5accf5b1b4c4066e317aeed5b3059b6c627604eba7d13fe5ecd80ced8e69b6d379b6d5713b283339c672d0000000000000000000000000000000000000000000000000000000000000000000000000000000000000000000000000000000000000000000000000000000000000000000000000000000000000000000000000000000000000000000000000000000000000000000000000000000000000000000000000000000000000000000000000000000000000000000000000000000000000000000000000000000000000000000000000000000000000000000000000000000000000000000000000000000000000000000000000000000000cf8a03433e2878a03424b2a800000000cf8ae41a00000000000000000000000019b6cbbf0d0025b8499bc83400000000000000000000000000000000000096e159d5d013c553c57ba00be2bdcf15ee802f8af75f1564074972ace9ead0000000000000000000092dbe8979df86800000000000000006333b3603199d8ccecd5b8e8a0ccb3a468000004b9e8a0339d53a267ca3578ae60de755e8b33d49c4500000000000000000000004b32cefa7d1b018933bd6c000000000000000000000000000000000000004b32a031e1a9e1bd9d0073f0dec786f67401cfc37b2f86b602498500000000000000000000124b3d14000000000000000019b9972d00c5b9c2db9da25d3d9a930045000000004bc5631b65bbc262e300b388a938500000000000000000000000000000000000000000000000000000000000000000000000000000000000000000000000000000000000000000000000000000000000000000000000000000000000000000000000000000000000000000000000000000000000000000000000000000000000000000000000000000000000000000000000000000000007ffd9);

-- --------------------------------------------------------

--
-- Table structure for table `payment_db`
--

CREATE TABLE `payment_db` (
  `Transaction_No` varchar(30) NOT NULL,
  `Date` date NOT NULL,
  `Amount` int(11) NOT NULL,
  `Method` varchar(15) NOT NULL,
  `Payer` varchar(15) NOT NULL
) ENGINE=InnoDB DEFAULT CHARSET=latin1;

--
-- Dumping data for table `payment_db`
--

INSERT INTO `payment_db` (`Transaction_No`, `Date`, `Amount`, `Method`, `Payer`) VALUES
('CI220427.0802.G06281', '2022-04-30', 2000, 'Airtel Money', 'Elvis'),
('CO220427.0854.I12403', '2022-04-30', 30000, 'Airtel', 'Mphatso');

-- --------------------------------------------------------

--
-- Table structure for table `readings`
--

CREATE TABLE `readings` (
  `Reading_No` int(15) NOT NULL,
  `Account_No` varchar(15) NOT NULL,
  `Previous_Reading` int(15) NOT NULL
) ENGINE=InnoDB DEFAULT CHARSET=latin1;

--
-- Dumping data for table `readings`
--

INSERT INTO `readings` (`Reading_No`, `Account_No`, `Previous_Reading`) VALUES
(1, 'ACC001', 16),
(2, 'ACC002', 13),
(3, 'ACC003', 12),
(4, 'ACC004', 13),
(5, 'ACC005', 18),
(6, 'ACC006', 25),
(8, 'ACC007', 5);

-- --------------------------------------------------------

--
-- Table structure for table `schedule`
--

CREATE TABLE `schedule` (
  `Schedule_No` int(11) NOT NULL,
  `Job_ID` varchar(15) DEFAULT NULL,
  `Bill_Code` varchar(15) DEFAULT NULL,
  `Account_No` varchar(15) NOT NULL,
  `Amount` int(11) NOT NULL,
  `Employee_ID` varchar(15) DEFAULT NULL
) ENGINE=InnoDB DEFAULT CHARSET=latin1;

--
-- Dumping data for table `schedule`
--

INSERT INTO `schedule` (`Schedule_No`, `Job_ID`, `Bill_Code`, `Account_No`, `Amount`, `Employee_ID`) VALUES
(38, 'JB001', 'BC001', 'ACC001', 20450, 'EMP001'),
(39, 'JB001', 'BC003', 'ACC002', 8900, 'EMP001'),
(40, 'JB002', 'BC005', 'ACC003', 17600, 'EMP002'),
(41, 'JB002', 'BC007', 'ACC004', 8665, 'EMP002'),
(42, 'JOB003', 'BC00000013\n', 'ACC003', 0, 'EMP003');

-- --------------------------------------------------------

--
-- Table structure for table `statement`
--

CREATE TABLE `statement` (
  `Statement_No` varchar(30) NOT NULL,
  `Account_No` varchar(30) NOT NULL,
  `Bill_Code` varchar(30) NOT NULL,
  `Consumption` int(15) NOT NULL,
  `Due_Total` int(30) NOT NULL,
  `Total_Payments` int(30) DEFAULT NULL,
  `Balance` int(30) NOT NULL,
  `Date` date NOT NULL,
  `Month` varchar(15) NOT NULL,
  `Status` varchar(15) NOT NULL
) ENGINE=InnoDB DEFAULT CHARSET=latin1;

--
-- Dumping data for table `statement`
--

INSERT INTO `statement` (`Statement_No`, `Account_No`, `Bill_Code`, `Consumption`, `Due_Total`, `Total_Payments`, `Balance`, `Date`, `Month`, `Status`) VALUES
('SN/10', 'ACC007', 'BC0005\nACC007', 5, 6798, 0, 6798, '2022-05-07', 'May', 'Reading'),
('SN/11', 'ACC006', 'BC0022\nACC006', 2, 24898, 8000, 16898, '2022-05-04', 'May', 'Payment'),
('SN/13', 'ACC006', 'BC0025ACC006', 3, 21812, 0, 21812, '2022-05-07', 'May', 'Reading'),
('SNBC00000020\nACC006', 'ACC006', 'BC00000020\nACC006', 20, 20926, 0, 0, '2022-04-20', 'April', 'Reading'),
('SNBC0020\nACC003', 'ACC003', 'BC0020\nACC003', 4, 5856, 0, 0, '2022-04-13', 'April', 'Reading'),
('SNBC0022\nACC006', 'ACC006', 'BC0022\nACC006', 2, 24898, 0, 24898, '2022-04-25', 'April', 'Reading'),
('SNBC1787', 'ACC002', 'BC1787', 27, 27520, 0, 0, '2022-01-04', 'January', 'Reading'),
('ST01ACC001', 'ACC001', 'BC001', 10, 20450, 5000, 3000, '2021-12-31', 'December', 'Reading'),
('ST02ACC001', 'ACC001', 'BC002', 15, 15200, 0, 15200, '2021-11-30', 'November', 'Reading'),
('ST03ACC002', 'ACC002', 'BC003', 12, 17600, 20000, 1200, '2021-12-31', 'December', 'Reading'),
('ST04ACC002', 'ACC002', 'BC004', 9, 7800, 8000, 200, '2021-11-30', 'November', 'Reading'),
('ST05ACC003', 'ACC003', 'BC005', 8, 8900, 9000, 100, '2021-12-31', 'December', 'Reading'),
('ST06ACC003', 'ACC003', 'BC006', 4, 15200, 16000, 800, '2021-11-30', 'November', 'Reading');

-- --------------------------------------------------------

--
-- Table structure for table `user`
--

CREATE TABLE `user` (
  `User_ID` varchar(15) NOT NULL,
  `Account_No` varchar(15) DEFAULT NULL,
  `Username` varchar(15) NOT NULL,
  `Password` varchar(15) NOT NULL,
  `User_Type` varchar(15) NOT NULL
) ENGINE=InnoDB DEFAULT CHARSET=latin1;

--
-- Dumping data for table `user`
--

INSERT INTO `user` (`User_ID`, `Account_No`, `Username`, `Password`, `User_Type`) VALUES
('Elijah _ACC007', 'ACC007', 'Elijah ', '1234', 'Customer'),
('Elname_ACC004', 'ACC004', 'Elname', '1234', 'Customer'),
('Elvis_ACC003', 'ACC003', 'Jan', '1234', 'Customer'),
('Nike_ACC006', 'ACC006', 'Nike', '1234', 'Customer'),
('USD001198105', 'ACC005', 'Elvis', '1234', 'Adminstrator');

--
-- Indexes for dumped tables
--

--
-- Indexes for table `account`
--
ALTER TABLE `account`
  ADD PRIMARY KEY (`Account_No`),
  ADD KEY `CustomerID` (`CustomerID`);

--
-- Indexes for table `bill_settings`
--
ALTER TABLE `bill_settings`
  ADD PRIMARY KEY (`ID`);

--
-- Indexes for table `cart`
--
ALTER TABLE `cart`
  ADD PRIMARY KEY (`No`);

--
-- Indexes for table `customer`
--
ALTER TABLE `customer`
  ADD PRIMARY KEY (`CustomerID`);

--
-- Indexes for table `email_credentials`
--
ALTER TABLE `email_credentials`
  ADD PRIMARY KEY (`Email_ID`);

--
-- Indexes for table `employee`
--
ALTER TABLE `employee`
  ADD PRIMARY KEY (`Employee_ID`);

--
-- Indexes for table `image`
--
ALTER TABLE `image`
  ADD PRIMARY KEY (`Image_ID`);

--
-- Indexes for table `invoice`
--
ALTER TABLE `invoice`
  ADD PRIMARY KEY (`Bill_Code`),
  ADD KEY `Account_No_FK` (`Account_No`);

--
-- Indexes for table `job`
--
ALTER TABLE `job`
  ADD PRIMARY KEY (`Job_ID`);

--
-- Indexes for table `payment`
--
ALTER TABLE `payment`
  ADD PRIMARY KEY (`Payment_ID`),
  ADD UNIQUE KEY `Transaction_Number` (`Transaction_Number`),
  ADD KEY `Pay_Acc_No_FK` (`Account_No`);

--
-- Indexes for table `payment_db`
--
ALTER TABLE `payment_db`
  ADD PRIMARY KEY (`Transaction_No`);

--
-- Indexes for table `readings`
--
ALTER TABLE `readings`
  ADD PRIMARY KEY (`Reading_No`),
  ADD KEY `Reading_Referential` (`Account_No`);

--
-- Indexes for table `schedule`
--
ALTER TABLE `schedule`
  ADD PRIMARY KEY (`Schedule_No`),
  ADD KEY `Schedule_JobID_FK` (`Job_ID`),
  ADD KEY `Schedule_BillCode_FK` (`Bill_Code`),
  ADD KEY `Schedule_EmpID_FK` (`Employee_ID`);

--
-- Indexes for table `statement`
--
ALTER TABLE `statement`
  ADD PRIMARY KEY (`Statement_No`),
  ADD KEY `AccountNo` (`Account_No`),
  ADD KEY `State_Bill_Code_FK` (`Bill_Code`);

--
-- Indexes for table `user`
--
ALTER TABLE `user`
  ADD PRIMARY KEY (`User_ID`);

--
-- AUTO_INCREMENT for dumped tables
--

--
-- AUTO_INCREMENT for table `cart`
--
ALTER TABLE `cart`
  MODIFY `No` int(11) NOT NULL AUTO_INCREMENT;

--
-- AUTO_INCREMENT for table `readings`
--
ALTER TABLE `readings`
  MODIFY `Reading_No` int(15) NOT NULL AUTO_INCREMENT, AUTO_INCREMENT=9;

--
-- AUTO_INCREMENT for table `schedule`
--
ALTER TABLE `schedule`
  MODIFY `Schedule_No` int(11) NOT NULL AUTO_INCREMENT, AUTO_INCREMENT=43;

--
-- Constraints for dumped tables
--

--
-- Constraints for table `account`
--
ALTER TABLE `account`
  ADD CONSTRAINT `CustomerID_FK` FOREIGN KEY (`CustomerID`) REFERENCES `customer` (`CustomerID`) ON DELETE NO ACTION ON UPDATE CASCADE,
  ADD CONSTRAINT `account_ibfk_1` FOREIGN KEY (`CustomerID`) REFERENCES `customer` (`CustomerID`);

--
-- Constraints for table `invoice`
--
ALTER TABLE `invoice`
  ADD CONSTRAINT `Account_No_FK` FOREIGN KEY (`Account_No`) REFERENCES `account` (`Account_No`) ON DELETE NO ACTION ON UPDATE CASCADE;

--
-- Constraints for table `payment`
--
ALTER TABLE `payment`
  ADD CONSTRAINT `Pay_Acc_No_FK` FOREIGN KEY (`Account_No`) REFERENCES `account` (`Account_No`) ON DELETE CASCADE ON UPDATE CASCADE;

--
-- Constraints for table `readings`
--
ALTER TABLE `readings`
  ADD CONSTRAINT `Reading_Referential` FOREIGN KEY (`Account_No`) REFERENCES `account` (`Account_No`) ON DELETE NO ACTION ON UPDATE CASCADE;

--
-- Constraints for table `schedule`
--
ALTER TABLE `schedule`
  ADD CONSTRAINT `Schedule_BillCode_FK` FOREIGN KEY (`Bill_Code`) REFERENCES `invoice` (`Bill_Code`) ON DELETE NO ACTION ON UPDATE NO ACTION,
  ADD CONSTRAINT `Schedule_EmpID_FK` FOREIGN KEY (`Employee_ID`) REFERENCES `employee` (`Employee_ID`) ON DELETE NO ACTION ON UPDATE NO ACTION,
  ADD CONSTRAINT `Schedule_JobID_FK` FOREIGN KEY (`Job_ID`) REFERENCES `job` (`Job_ID`) ON DELETE NO ACTION ON UPDATE NO ACTION;

--
-- Constraints for table `statement`
--
ALTER TABLE `statement`
  ADD CONSTRAINT `AccountNo` FOREIGN KEY (`Account_No`) REFERENCES `account` (`Account_No`) ON DELETE NO ACTION ON UPDATE CASCADE,
  ADD CONSTRAINT `State_Bill_Code_FK` FOREIGN KEY (`Bill_Code`) REFERENCES `invoice` (`Bill_Code`) ON DELETE NO ACTION ON UPDATE NO ACTION;
COMMIT;

/*!40101 SET CHARACTER_SET_CLIENT=@OLD_CHARACTER_SET_CLIENT */;
/*!40101 SET CHARACTER_SET_RESULTS=@OLD_CHARACTER_SET_RESULTS */;
/*!40101 SET COLLATION_CONNECTION=@OLD_COLLATION_CONNECTION */;
